message_length,word_count,digit_count,uppercase_count,special_char_count,exclamation_count,question_count,url_count,currency_count,spam
111,20,0,3,9,0,0,0,0,0
29,6,0,2,6,0,0,0,0,0
155,28,25,10,6,0,0,0,0,1
49,11,0,2,6,0,0,0,0,0
61,13,0,2,2,0,0,0,0,0
148,32,4,8,9,2,1,0,1,1
77,16,0,2,2,0,0,0,0,0
160,26,1,10,6,0,0,0,0,0
158,26,19,13,7,3,0,0,1,1
154,29,13,14,2,1,1,0,0,1
109,21,0,2,6,0,1,0,0,0
136,26,22,17,8,1,0,0,0,1
156,26,20,41,9,2,0,1,1,1
196,37,0,3,4,0,0,0,0,0
35,8,0,26,2,2,0,0,0,0
149,19,0,23,11,0,1,1,0,1
26,4,0,1,6,0,0,0,0,0
81,19,1,3,5,0,0,0,0,0
58,13,0,4,3,0,0,0,0,0
156,24,23,33,8,0,0,0,0,1
41,8,0,1,1,0,1,0,0,0
49,11,1,1,2,0,0,0,0,0
53,11,0,3,6,0,0,0,0,0
88,20,1,3,3,0,1,0,0,0
57,11,0,3,2,0,1,0,0,0
144,28,0,8,7,0,0,0,0,0
30,5,0,1,1,0,0,0,0,0
134,32,0,6,6,0,5,0,0,0
75,15,0,2,7,0,0,0,0,0
64,12,0,5,4,1,1,0,0,0
130,26,0,1,4,0,0,0,0,0
188,41,2,5,7,2,1,0,0,0
29,6,0,1,1,0,0,0,0,0
84,17,0,2,1,0,1,0,0,0
159,29,1,14,3,0,0,0,1,1
123,28,2,4,6,0,0,0,0,0
47,9,0,2,3,0,0,0,0,0
28,8,0,2,0,0,0,0,0,0
27,4,0,2,6,0,0,0,0,0
155,30,0,4,7,2,1,0,0,0
82,17,0,4,3,0,0,0,0,0
142,34,0,10,15,0,1,0,0,0
172,33,22,7,5,0,0,0,0,1
19,4,0,15,1,0,1,0,0,0
72,13,0,3,10,1,0,0,0,0
32,3,0,1,4,0,0,0,0,0
45,8,0,1,2,0,0,0,0,0
31,5,0,1,2,0,1,0,0,0
67,14,0,2,2,0,0,0,0,0
148,30,0,7,7,0,0,0,0,0
58,12,0,2,2,0,0,0,0,0
124,23,0,1,11,0,0,0,0,0
80,16,0,1,1,0,0,0,0,0
289,55,0,7,14,0,0,0,0,0
120,22,0,24,5,0,2,0,0,1
76,13,0,7,6,0,1,0,0,0
160,27,24,12,12,4,0,0,0,1
34,6,0,2,3,0,0,0,0,0
22,4,0,1,0,0,0,0,0,0
40,7,0,1,3,0,0,0,0,0
108,23,1,3,5,0,0,0,1,0
48,9,0,2,2,0,0,0,0,0
25,6,0,3,0,0,0,0,0,0
56,12,0,2,2,0,1,0,0,0
110,24,0,2,2,0,0,0,0,0
153,28,15,7,4,0,0,0,1,1
122,23,0,3,8,0,1,0,0,0
161,22,21,26,12,0,0,0,2,1
78,15,0,5,5,1,1,0,0,1
34,8,0,1,1,0,0,0,0,0
46,8,0,3,9,0,0,0,0,0
29,5,0,1,1,0,0,0,0,0
45,10,0,35,1,0,1,0,0,0
42,6,0,1,6,0,2,0,0,0
20,5,0,1,3,0,0,0,0,0
43,9,0,2,2,0,0,0,0,0
73,14,0,1,2,0,0,0,0,0
50,11,0,1,3,0,0,0,0,0
42,7,0,1,5,0,0,0,0,0
76,16,0,4,4,0,0,0,0,0
22,4,0,2,2,0,0,0,0,0
31,8,0,2,2,0,1,0,0,0
32,10,0,1,0,0,0,0,0,0
36,9,0,1,0,0,0,0,0,0
14,3,0,1,1,0,0,0,0,0
55,11,0,2,5,0,0,0,0,0
121,26,1,4,4,0,1,0,0,0
144,31,0,5,4,0,0,0,0,0
42,9,0,1,1,0,0,0,0,0
41,7,0,1,5,0,0,0,0,0
62,10,0,2,7,2,0,0,0,0
194,39,2,4,5,0,1,0,0,0
141,26,1,19,2,2,0,0,0,0
139,23,22,6,4,1,0,0,2,1
107,20,3,3,3,0,1,0,0,0
158,29,18,18,8,0,0,0,0,1
33,5,0,1,3,0,1,0,0,0
51,12,0,1,1,0,0,0,0,0
178,38,0,5,7,1,1,0,0,0
31,7,0,1,0,0,0,0,0,0
57,11,0,2,3,0,0,0,0,0
81,21,0,4,2,1,1,0,0,0
76,16,1,2,3,0,0,0,0,0
160,26,1,10,6,0,0,0,0,0
183,36,0,4,8,1,0,0,0,0
44,10,0,1,0,0,0,0,0,0
95,17,0,2,2,0,0,0,0,0
43,10,0,3,2,0,0,0,0,0
82,14,0,1,1,0,0,0,0,0
115,24,0,5,6,1,0,0,0,0
30,6,0,2,3,0,0,0,0,0
40,8,0,1,1,0,1,0,0,0
31,5,0,1,2,0,0,0,0,0
96,24,1,3,4,0,0,0,0,0
159,27,22,22,7,1,0,0,1,1
143,24,0,4,15,0,1,0,0,0
156,32,1,11,13,2,0,0,0,0
152,27,22,3,8,0,0,0,1,1
71,12,0,2,4,2,0,0,0,0
86,15,0,2,6,0,0,0,0,0
144,20,34,16,3,1,0,0,0,1
157,26,26,26,7,2,0,0,1,1
53,8,0,0,3,0,0,0,0,0
156,27,22,3,2,0,0,0,1,1
51,13,2,2,1,0,0,0,0,0
40,7,0,2,3,0,1,0,0,0
20,4,0,1,2,0,0,0,0,0
244,46,0,4,9,0,0,0,0,0
22,5,0,1,1,0,0,0,0,0
107,27,0,75,4,2,1,0,0,0
28,5,0,1,5,0,1,0,0,0
9,2,0,1,2,0,0,0,0,0
39,5,0,2,3,0,0,0,0,0
25,4,0,1,1,0,0,0,0,0
126,25,8,15,6,1,1,0,1,1
162,28,13,16,8,1,2,0,0,1
38,6,0,2,4,0,0,0,0,0
34,8,0,2,1,0,0,0,0,0
46,9,0,2,1,0,0,0,0,0
155,32,5,12,4,0,0,0,0,1
86,20,0,5,12,0,0,0,0,0
33,8,0,1,2,0,0,0,0,0
27,5,0,2,2,0,0,0,0,0
156,26,2,5,9,0,0,0,0,0
42,10,0,2,2,0,1,0,0,0
25,7,0,1,0,0,0,0,0,0
48,10,0,1,1,0,1,0,0,0
159,29,14,9,7,0,1,0,0,1
84,15,0,1,3,0,0,0,0,0
33,6,0,1,3,0,1,0,0,0
30,7,0,1,2,0,0,0,0,0
45,9,0,1,3,0,0,0,0,0
59,15,2,1,1,0,0,0,0,0
25,4,0,2,6,0,0,0,0,0
160,26,1,10,6,0,0,0,0,0
384,80,0,5,16,0,0,0,0,0
28,5,0,1,1,0,1,0,0,0
27,5,0,1,4,0,0,0,0,0
157,33,0,7,8,0,6,0,0,0
124,19,11,5,2,0,0,0,0,1
146,27,20,3,4,0,0,0,1,1
115,24,0,4,1,0,0,0,0,0
64,13,0,1,5,0,0,0,0,0
85,19,0,3,5,0,0,0,0,0
152,24,13,31,13,0,1,1,0,1
155,30,1,20,6,0,0,0,0,1
51,10,0,1,1,0,0,0,0,0
157,27,18,23,6,1,0,0,1,1
74,13,0,1,3,0,1,0,0,0
66,13,0,3,2,0,0,0,0,0
59,10,0,1,5,0,0,0,0,0
50,10,0,10,2,0,0,0,0,0
93,20,1,4,12,0,0,0,0,0
32,6,0,1,1,0,1,0,0,0
104,21,0,3,6,0,0,0,0,0
61,11,0,2,7,0,0,0,0,0
65,14,0,1,1,0,0,0,0,0
26,6,0,1,1,0,1,0,0,0
146,30,0,1,14,0,0,0,1,0
66,16,0,2,1,0,0,0,0,0
126,25,0,17,5,1,0,0,0,0
159,31,1,4,3,0,0,0,0,0
23,6,0,2,2,0,0,0,0,0
65,13,0,1,2,0,0,0,0,0
24,5,0,1,2,0,1,0,0,0
26,4,0,1,1,0,0,0,0,0
152,32,0,6,7,1,5,0,0,0
34,7,0,1,1,0,0,0,0,0
149,24,22,15,4,1,0,0,2,1
55,13,0,3,1,0,0,0,0,0
88,19,0,3,5,0,0,0,0,0
72,10,2,3,5,0,1,1,0,1
185,38,0,5,8,0,0,0,0,0
37,6,0,1,4,0,0,0,0,0
111,22,0,2,2,0,0,0,0,0
92,19,1,3,3,0,1,0,0,0
28,7,0,1,0,0,0,0,0,0
28,6,0,1,0,0,0,0,0,0
63,14,1,1,2,0,2,0,0,0
131,30,0,4,5,1,1,0,0,0
40,8,0,4,8,0,1,0,0,0
28,5,0,1,5,0,0,0,0,0
84,18,0,2,0,0,0,0,0,0
174,26,0,28,16,0,0,0,0,0
24,3,0,1,1,0,0,0,0,0
25,7,2,1,1,0,0,0,0,0
64,13,0,1,4,0,0,0,0,0
156,32,1,11,13,2,0,0,0,0
28,5,0,1,1,0,0,0,0,0
86,13,0,8,4,0,0,0,0,0
39,9,0,1,3,1,0,0,0,0
73,14,0,2,4,0,0,0,0,0
26,6,0,1,0,0,0,0,0,0
23,2,0,1,7,0,0,0,0,0
24,5,0,3,6,0,0,0,0,0
31,6,0,2,2,1,1,0,0,0
58,9,0,1,1,0,0,0,0,0
48,9,0,2,3,0,0,0,0,0
41,7,0,1,3,0,1,0,0,0
32,8,1,1,0,0,0,0,0,0
159,35,0,4,5,0,0,0,0,0
25,6,0,2,2,0,0,0,0,0
161,30,0,1,5,0,0,0,0,0
22,4,0,2,2,0,0,0,0,0
119,26,0,4,6,0,0,0,0,0
143,21,31,21,12,2,0,1,1,1
69,13,0,2,2,0,0,0,0,0
137,30,2,15,6,0,2,0,0,1
30,5,0,1,1,0,0,0,0,0
165,27,0,8,12,0,0,0,0,0
34,8,0,1,0,0,0,0,0,0
109,20,0,2,7,0,0,0,0,0
37,8,0,1,0,0,0,0,0,0
33,6,0,2,2,0,0,0,0,0
48,8,0,1,4,0,0,0,0,0
157,34,7,17,8,0,0,0,0,1
50,9,0,2,6,0,0,0,0,0
65,15,0,1,0,0,0,0,0,0
38,7,0,1,2,0,2,0,0,0
145,27,0,20,14,1,0,0,0,0
145,25,24,5,3,0,0,0,0,1
51,10,0,1,1,0,0,0,0,0
45,7,0,38,0,0,0,0,0,0
83,16,0,3,5,0,0,0,0,0
155,32,1,2,9,0,0,0,0,0
37,6,0,1,2,0,1,0,0,0
78,17,0,3,3,0,0,0,0,0
30,8,0,1,0,0,0,0,0,0
31,6,1,1,1,0,0,0,0,0
146,30,0,4,5,0,0,0,0,0
150,23,22,12,3,0,0,1,0,1
44,8,1,2,0,0,0,0,0,0
179,34,0,3,11,1,0,0,0,0
27,5,0,1,2,0,2,0,0,0
179,37,2,2,3,0,0,0,0,0
38,7,0,1,3,0,0,0,0,0
97,18,0,2,2,0,0,0,0,0
43,10,0,2,3,0,0,0,0,0
36,9,0,2,4,0,1,0,0,0
154,27,14,21,4,0,4,0,0,1
74,15,0,6,7,4,1,0,0,0
3,1,0,1,0,0,0,0,0,0
85,18,0,3,4,0,0,0,0,0
51,11,10,28,3,1,0,0,0,0
121,25,13,2,0,0,0,0,0,1
26,6,0,2,1,0,0,0,0,0
35,7,0,2,1,0,0,0,0,0
47,11,0,1,1,0,0,0,0,0
159,27,19,20,7,3,1,0,0,1
47,9,0,3,3,0,1,0,0,0
133,24,0,6,3,1,0,0,0,1
53,9,0,1,2,0,0,0,0,0
147,29,0,2,3,0,0,0,0,0
155,25,12,26,7,1,0,1,0,1
37,9,1,2,1,0,0,0,0,0
31,6,0,2,2,0,0,0,0,0
8,1,0,1,3,0,0,0,0,0
38,9,0,1,0,0,0,0,0,0
30,7,0,2,2,0,0,0,0,0
47,11,0,2,2,0,1,0,0,0
56,10,0,3,3,0,3,0,0,0
22,5,0,1,1,0,1,0,0,0
141,25,0,3,12,0,0,0,0,0
29,7,0,2,1,0,0,0,0,0
7,1,0,1,3,0,0,0,0,0
121,25,0,3,3,0,0,0,0,0
58,13,0,2,1,0,0,0,0,0
4,1,0,1,2,0,0,0,0,0
148,35,1,0,1,0,1,0,0,0
160,33,0,10,14,0,0,0,0,0
152,21,0,1,7,0,0,0,0,0
37,8,0,1,1,0,1,0,0,0
55,13,0,2,2,0,1,0,0,0
21,5,1,1,2,0,0,0,0,0
22,5,0,1,0,0,0,0,0,0
50,7,0,2,2,0,0,0,0,0
159,29,13,22,8,0,0,0,0,1
67,12,0,10,1,0,0,0,0,0
153,35,0,34,11,0,0,0,0,0
51,11,0,2,1,0,0,0,0,0
67,12,0,2,3,0,1,0,0,0
88,17,0,3,2,0,0,0,0,0
157,31,0,3,5,0,1,0,0,0
90,21,0,2,2,1,1,0,0,0
24,5,0,1,0,0,0,0,0,0
146,23,8,19,15,2,0,1,0,1
56,11,0,3,9,0,0,0,0,0
26,7,0,1,1,0,1,0,0,0
71,14,0,2,3,0,0,0,0,0
138,24,5,10,6,0,0,0,0,1
55,10,0,2,2,0,1,0,0,0
156,24,3,26,3,0,1,0,0,0
134,25,18,22,11,1,1,0,1,1
119,24,0,1,3,0,0,0,0,0
142,33,2,7,6,0,0,0,0,0
41,10,0,2,2,0,0,0,0,0
26,3,0,1,4,0,0,0,0,0
119,24,1,4,14,0,0,0,0,0
46,9,0,1,4,0,0,0,0,0
157,27,13,13,4,2,1,0,0,1
23,4,0,1,4,0,0,0,0,0
51,10,0,2,3,0,0,0,0,0
61,13,0,3,6,0,0,0,0,0
107,28,4,1,2,0,0,0,0,0
157,31,0,7,6,1,0,0,0,0
30,6,0,2,2,0,1,0,0,0
32,3,0,1,4,0,0,0,0,0
31,6,0,1,3,0,1,0,0,0
79,16,0,1,4,0,0,0,0,0
32,6,0,1,2,0,0,0,0,0
86,20,0,3,3,0,0,0,0,0
22,3,0,1,5,0,0,0,0,0
76,14,0,2,4,0,1,0,0,0
128,24,12,5,4,2,0,0,0,1
232,43,0,4,4,0,0,0,0,0
159,27,23,10,8,2,0,0,1,1
45,10,0,3,4,1,1,0,0,0
57,11,0,2,2,0,1,0,0,0
26,3,0,1,2,0,0,0,0,0
22,4,0,2,2,0,0,0,0,0
41,8,0,2,4,0,1,0,0,0
28,6,0,1,2,0,0,0,0,0
151,31,4,5,4,2,0,0,0,0
29,5,0,1,1,0,1,0,0,0
34,7,0,1,1,0,0,0,0,0
52,9,0,1,1,0,0,0,0,0
33,3,0,1,7,0,0,0,0,0
85,20,0,4,4,0,0,0,0,0
31,5,0,1,1,0,0,0,0,0
111,20,8,15,8,0,2,0,0,1
78,15,0,4,2,0,0,0,0,0
50,10,0,2,3,0,0,0,0,0
63,15,0,2,2,0,0,0,0,0
148,30,0,28,7,1,1,0,0,0
129,28,0,3,1,0,1,0,0,0
45,8,1,26,7,0,0,0,0,0
202,34,0,24,7,0,0,0,0,0
150,23,22,12,3,0,0,1,0,1
148,22,28,16,9,0,0,0,0,1
168,31,0,10,10,0,0,0,0,0
85,17,0,4,5,2,0,0,0,0
38,6,0,3,7,0,0,0,0,0
15,4,0,1,2,0,0,0,0,0
31,5,0,1,1,0,0,0,0,0
88,16,0,3,5,0,0,0,0,0
160,34,0,6,8,1,3,0,0,0
50,12,0,3,2,0,0,0,0,0
165,25,18,23,11,2,0,0,0,1
129,16,17,6,6,0,0,1,0,1
26,5,0,2,2,0,2,0,0,0
31,6,0,1,2,0,0,0,0,0
129,29,0,6,9,0,0,0,0,0
34,9,0,1,2,0,0,0,0,0
54,10,0,1,8,0,0,0,0,0
162,37,0,2,1,0,0,0,0,0
157,26,14,10,3,0,0,0,0,1
23,5,0,1,0,0,0,0,0,0
53,9,0,2,6,0,0,0,0,0
131,25,0,5,3,0,0,0,0,0
36,7,0,1,0,0,0,0,0,0
143,27,0,5,5,0,0,0,0,0
300,57,0,6,14,0,0,0,0,0
59,12,0,1,1,0,0,0,0,0
42,9,0,1,5,0,0,0,0,0
41,10,3,2,4,0,0,0,0,0
149,22,16,17,4,0,0,0,0,1
22,6,1,2,0,0,0,0,0,0
31,6,0,1,1,0,0,0,0,0
30,7,0,1,0,0,0,0,0,0
155,26,16,9,4,1,1,0,0,1
47,9,0,2,3,0,1,0,0,0
25,5,0,2,4,0,1,0,0,0
79,16,0,2,2,0,2,0,0,0
22,5,0,1,1,0,0,0,0,0
115,28,0,3,2,0,0,0,0,0
56,11,3,2,3,0,2,0,0,0
102,16,0,2,3,0,0,0,0,0
118,26,1,4,4,0,0,0,0,0
221,43,0,4,6,0,0,0,0,0
204,30,0,19,11,0,0,0,0,0
114,16,0,1,11,0,0,0,0,0
158,32,28,23,5,1,1,0,2,1
39,9,0,2,1,0,0,0,0,0
36,7,0,1,1,0,0,0,0,0
48,9,0,1,1,0,0,0,0,0
77,13,0,1,6,0,0,0,0,0
60,14,0,2,1,0,0,0,0,0
168,32,0,4,6,1,1,0,0,0
51,9,0,3,3,1,2,0,0,0
22,3,0,1,0,0,0,0,0,0
152,21,0,10,9,0,0,0,0,0
75,17,0,1,0,0,0,0,0,0
30,8,0,1,0,0,0,0,0,0
94,20,0,3,12,0,0,0,0,0
24,5,0,3,1,0,0,0,0,0
49,6,19,0,1,0,0,0,0,1
35,7,0,2,1,0,0,0,0,0
29,7,0,1,0,0,0,0,0,0
107,18,10,13,6,0,0,1,1,1
66,14,0,2,3,0,0,0,0,0
159,32,31,40,3,1,0,0,0,1
48,8,0,1,4,0,0,0,0,0
162,27,19,4,2,1,0,0,0,1
24,5,0,1,3,0,0,0,0,0
137,22,21,22,5,1,0,0,1,1
248,33,9,4,30,0,1,0,0,0
25,6,0,3,3,0,0,0,0,0
27,4,0,0,4,0,0,0,0,0
37,7,0,1,1,0,1,0,0,0
69,16,1,2,4,0,0,0,0,0
150,27,0,5,17,0,0,0,0,0
24,5,0,1,1,0,0,0,0,0
80,15,0,1,0,0,0,0,0,0
157,26,33,15,2,1,0,0,0,1
25,4,0,1,1,0,1,0,0,0
73,11,0,2,9,0,1,0,0,0
89,15,0,2,17,0,1,0,0,0
58,12,0,2,2,0,0,0,0,0
36,6,0,1,0,0,0,0,0,0
76,15,2,2,3,0,0,0,0,0
47,11,0,2,2,0,0,0,0,0
104,16,0,1,8,0,0,0,0,0
38,8,0,3,4,0,0,0,0,0
69,17,0,3,9,0,0,0,0,0
22,4,0,2,2,0,0,0,0,0
119,17,0,99,4,1,2,0,0,0
94,19,0,3,6,0,1,0,0,0
69,12,0,1,6,0,0,0,0,0
73,14,0,1,3,0,0,0,0,0
42,9,0,4,4,0,1,0,0,0
17,4,2,0,3,0,0,0,0,0
13,2,0,0,1,1,0,0,0,0
45,10,0,1,0,0,0,0,0,0
57,9,0,1,6,0,2,0,0,0
105,21,0,2,2,0,0,0,0,0
164,28,19,9,11,0,1,0,2,1
47,10,0,2,2,0,0,0,0,0
117,25,0,88,5,0,0,0,0,0
158,28,0,2,3,0,0,0,0,0
79,17,3,2,6,0,0,0,0,0
142,22,0,1,3,0,0,0,0,0
62,15,0,2,1,0,1,0,0,0
71,13,0,4,2,0,0,0,0,0
175,29,13,24,8,0,0,0,0,1
29,6,0,2,2,0,0,0,0,0
29,8,0,1,0,0,0,0,0,0
148,26,0,4,11,1,1,0,0,0
83,16,0,1,2,0,1,0,0,0
37,8,0,1,1,0,1,0,0,0
44,11,2,2,4,0,0,0,0,0
45,8,0,2,2,0,0,0,0,0
161,27,24,19,5,1,0,0,0,1
50,9,0,1,2,0,1,0,0,0
298,50,1,4,18,0,0,0,0,0
159,27,13,14,7,0,2,0,0,1
125,26,2,6,10,0,0,0,0,0
51,11,0,2,1,0,0,0,0,0
28,5,0,1,4,0,0,0,0,0
34,4,0,1,3,0,3,0,0,0
46,10,1,2,3,0,1,0,0,0
81,15,0,2,2,0,1,0,0,0
28,7,0,1,1,0,0,0,0,0
90,17,0,1,3,0,1,0,0,0
18,3,0,1,3,0,0,0,0,0
54,11,0,2,4,1,0,0,0,0
55,9,0,1,0,0,0,0,0,0
45,11,1,1,1,0,0,0,0,0
146,23,14,23,4,0,0,1,0,1
40,7,0,2,1,0,0,0,0,0
107,22,2,3,4,0,0,0,0,0
50,11,0,1,2,0,1,0,0,0
120,26,0,3,2,0,0,0,0,0
160,27,24,12,12,4,0,0,0,1
32,5,0,2,2,0,0,0,0,0
34,5,0,1,6,0,1,0,0,0
32,7,0,1,2,0,2,0,0,0
16,3,0,2,4,0,1,0,0,0
67,14,0,3,6,0,0,0,0,0
55,11,0,2,2,0,0,0,0,0
43,7,1,1,2,0,1,0,0,0
23,5,0,1,0,0,0,0,0,0
149,35,1,1,4,0,0,0,0,0
21,5,0,2,1,0,1,0,0,0
23,3,0,1,1,0,0,0,0,0
40,8,0,2,5,0,1,0,0,0
7,1,0,5,2,1,0,0,0,1
117,26,1,3,5,0,0,0,0,0
62,11,0,1,2,0,1,0,0,0
166,32,0,6,12,0,0,0,0,0
24,3,0,1,2,0,1,0,0,0
136,26,9,11,12,0,1,0,0,0
99,23,1,0,2,0,0,0,0,0
45,5,0,1,8,0,0,0,0,0
23,5,0,1,2,0,0,0,0,0
25,4,0,1,4,0,0,0,0,0
148,25,18,25,8,2,0,0,1,1
26,4,0,1,3,0,0,0,0,0
146,32,10,32,7,0,0,0,0,1
89,13,0,3,5,0,0,1,0,1
167,35,0,3,5,0,0,0,0,0
117,20,0,2,3,0,0,0,0,0
46,9,0,1,2,0,0,0,0,0
26,6,0,1,0,0,0,0,0,0
28,6,0,1,0,0,0,0,0,0
32,6,0,1,3,0,1,0,0,0
145,24,24,23,11,3,0,0,1,1
57,13,1,2,4,0,0,0,0,0
160,28,24,16,12,4,0,0,2,1
42,9,0,2,2,1,1,0,0,0
111,20,5,7,1,0,0,0,0,1
36,6,0,1,2,0,0,0,0,0
145,19,40,17,8,1,0,0,0,1
50,6,0,2,7,0,0,0,0,0
33,3,0,1,7,0,0,0,0,0
15,3,0,1,4,0,0,0,0,0
177,38,1,5,6,0,0,0,0,0
160,34,0,4,5,1,1,0,0,0
63,12,0,1,4,0,0,0,0,0
84,17,0,1,2,0,0,0,0,0
84,15,0,15,2,0,0,0,0,0
57,12,0,1,2,0,0,0,0,0
96,10,6,6,6,0,0,1,0,1
169,27,0,8,15,0,0,0,0,0
76,17,0,3,4,0,0,0,0,0
47,11,1,1,2,0,0,0,0,0
130,26,0,3,3,0,0,0,0,0
23,4,0,1,1,0,1,0,0,0
149,32,0,3,3,0,0,0,0,0
32,7,0,1,1,0,0,0,0,0
22,3,0,1,7,0,0,0,0,0
101,22,1,7,4,0,0,0,0,0
281,56,0,5,9,0,0,0,0,0
54,9,0,2,3,0,0,0,0,0
120,21,0,2,2,0,0,0,0,0
138,30,0,4,4,0,0,0,0,0
135,28,0,2,9,0,0,0,0,0
66,10,0,3,2,0,0,0,0,0
40,6,0,1,4,0,2,0,0,0
40,8,0,1,1,0,0,0,0,0
70,14,0,5,4,1,1,0,0,0
159,32,0,5,19,0,0,0,0,0
26,5,0,1,5,0,0,0,0,0
32,7,1,1,4,0,0,0,0,0
51,12,0,3,3,0,0,0,0,0
159,27,22,22,7,1,0,0,1,1
146,34,0,6,16,0,2,0,0,0
103,22,2,3,2,0,1,0,0,0
45,9,0,5,2,0,2,0,0,0
142,31,0,3,7,0,0,0,0,0
92,19,0,3,3,3,0,0,0,0
26,6,0,20,1,0,1,0,0,0
134,28,2,3,9,0,0,0,0,0
37,8,0,1,0,0,0,0,0,0
22,5,0,1,1,0,1,0,0,0
22,4,0,1,1,0,0,0,0,0
32,7,1,1,3,0,0,0,0,0
69,12,19,2,6,1,2,0,0,1
109,23,0,2,5,0,0,0,0,0
36,10,2,1,3,0,0,0,0,0
100,19,15,1,3,0,0,0,1,1
140,28,0,2,5,0,0,0,0,0
51,9,0,3,3,0,1,0,0,0
46,10,0,1,0,0,0,0,0,0
149,29,17,1,0,0,0,0,0,1
63,14,0,1,3,0,1,0,0,0
95,17,0,7,4,0,0,0,0,0
69,16,1,1,1,0,0,0,0,0
109,23,0,4,12,0,1,0,0,0
51,9,0,1,0,0,0,0,0,0
27,6,0,1,0,0,0,0,0,0
34,8,0,1,2,0,0,0,0,0
127,19,24,11,12,0,0,1,1,1
142,24,19,14,7,1,0,0,0,1
148,21,40,17,9,1,0,0,0,1
24,5,0,1,1,0,1,0,0,0
147,28,0,5,9,3,0,0,0,0
24,6,0,2,2,1,1,0,0,0
29,7,0,1,0,0,0,0,0,0
86,13,11,11,2,1,0,0,0,1
87,17,0,4,3,0,0,0,0,0
38,8,0,1,3,0,0,0,0,0
104,16,0,7,8,0,0,0,0,0
59,13,0,2,4,0,0,0,0,0
38,8,0,1,1,0,1,0,0,0
38,8,0,2,1,0,0,0,0,0
22,4,0,1,3,0,0,0,0,0
25,6,0,12,0,0,0,0,0,0
134,17,27,79,8,3,0,0,0,1
87,18,0,1,0,0,0,0,0,0
19,4,0,1,3,0,0,0,0,0
66,14,0,2,4,0,1,0,0,0
140,30,11,14,2,1,0,0,0,1
156,33,1,4,9,0,1,0,0,0
22,4,0,1,0,0,0,0,0,0
107,25,3,79,1,0,0,0,0,0
65,13,0,1,3,0,0,0,0,0
145,27,1,3,4,0,0,0,0,0
137,28,0,4,4,0,0,0,0,0
25,4,0,1,2,0,0,0,0,0
60,12,0,3,6,0,0,0,0,0
103,19,0,3,3,0,0,0,0,0
37,7,0,1,5,0,0,0,0,0
58,11,0,2,5,0,0,0,0,0
87,16,0,71,1,0,0,0,0,0
58,13,0,0,4,0,0,0,0,0
123,22,0,1,3,0,0,0,0,0
67,14,1,2,2,0,0,0,0,0
66,15,0,1,1,0,1,0,0,0
102,23,1,2,2,0,0,0,0,0
130,25,10,19,2,0,0,0,0,1
150,25,21,5,4,0,0,0,2,1
35,8,0,2,1,0,0,0,0,0
8,2,0,1,1,1,0,0,0,0
62,13,0,2,1,0,0,0,0,0
58,11,0,2,4,0,0,0,0,0
143,22,7,11,13,0,0,1,0,1
20,5,0,1,3,0,0,0,0,0
100,19,0,3,3,1,0,0,0,0
51,10,0,4,4,0,1,0,0,0
36,8,0,1,2,0,1,0,0,0
53,11,0,2,1,0,0,0,0,0
88,15,0,3,3,0,0,0,0,0
131,27,0,2,7,3,0,0,0,0
36,8,0,1,0,0,0,0,0,0
37,8,0,1,3,0,0,0,0,0
127,25,0,4,7,1,0,0,0,0
92,16,0,2,8,0,1,0,0,0
80,17,0,3,2,0,1,0,0,0
136,20,29,17,9,1,0,0,0,1
35,8,0,2,2,0,0,0,0,0
97,17,24,12,11,1,2,0,0,1
66,11,0,3,4,1,0,0,0,0
119,23,0,6,6,1,1,0,0,0
65,14,0,2,3,1,1,0,0,0
26,6,0,1,1,0,0,0,0,0
28,6,0,1,0,0,0,0,0,0
45,7,0,1,1,0,0,0,0,0
157,37,0,5,4,0,0,0,0,0
36,9,0,1,0,0,0,0,0,0
94,18,0,2,3,0,0,0,0,0
59,9,21,0,0,0,0,0,0,1
140,29,1,4,11,0,0,0,0,0
22,4,0,1,2,0,1,0,0,0
57,10,0,3,6,0,0,0,0,0
43,7,0,3,9,0,0,0,0,0
61,13,0,2,3,1,0,0,0,0
56,8,0,1,4,0,1,0,0,0
54,12,0,1,1,0,0,0,0,0
37,5,0,8,6,0,0,0,0,0
25,5,0,2,1,1,0,0,0,0
21,5,0,1,1,0,1,0,0,0
36,9,0,2,2,1,0,0,0,0
93,17,9,17,10,3,1,0,0,1
154,32,21,30,4,1,0,0,1,1
153,30,0,12,7,0,0,0,0,0
46,10,0,2,8,0,1,0,0,0
34,8,0,1,3,0,0,0,0,0
79,15,0,3,4,1,2,0,0,0
69,14,1,3,8,0,1,0,0,0
24,5,0,2,1,0,0,0,0,0
108,22,0,5,6,0,0,0,0,0
46,9,0,2,4,1,1,0,0,0
30,7,2,2,3,0,0,0,0,0
22,6,1,1,1,0,1,0,0,0
158,35,14,15,9,0,0,0,0,1
87,20,1,3,2,0,0,0,0,0
30,6,0,1,3,0,1,0,0,0
143,29,1,38,4,0,0,0,0,0
169,30,0,2,6,0,0,0,0,0
42,9,0,2,2,0,0,0,0,0
111,15,23,6,3,0,0,0,0,1
18,4,0,1,1,0,1,0,0,0
109,24,15,4,8,0,1,0,0,0
76,15,0,3,3,0,0,0,0,0
73,16,0,2,2,0,1,0,0,0
92,21,0,2,1,0,0,0,0,0
36,6,0,3,2,0,0,0,0,0
54,10,0,1,3,0,1,0,0,0
78,16,0,0,3,1,0,0,0,0
30,7,0,2,3,0,0,0,0,0
40,9,0,1,4,0,0,0,0,0
29,7,0,2,1,0,1,0,0,0
22,4,0,2,2,0,0,0,0,0
77,13,0,1,0,0,0,0,0,0
109,23,0,2,6,1,2,0,0,0
75,15,0,1,7,0,0,0,0,0
76,17,0,2,2,0,0,0,0,0
30,7,0,1,0,0,0,0,0,0
49,10,2,2,6,0,0,0,0,0
155,24,1,13,6,0,0,1,0,1
160,26,16,11,6,1,1,0,0,1
316,57,2,9,23,0,0,0,0,0
195,40,0,1,0,0,0,0,0,0
37,5,16,1,1,0,0,0,0,1
125,24,0,2,3,0,0,0,0,0
48,11,0,2,2,0,0,0,0,0
39,9,0,1,1,0,0,0,0,0
7,1,0,5,2,1,0,0,0,1
121,24,4,6,9,0,1,0,0,0
147,24,22,7,4,0,0,0,2,1
162,28,0,18,4,0,0,0,0,0
29,7,0,2,1,0,1,0,0,0
38,7,0,3,4,0,0,0,0,0
25,5,0,1,1,0,0,0,0,0
40,8,0,1,0,0,0,0,0,0
226,42,0,1,10,0,1,0,0,0
70,13,0,2,5,2,0,0,0,0
140,35,1,3,13,0,0,0,0,0
47,9,1,1,1,0,0,0,0,0
63,12,0,3,2,0,0,0,0,0
17,5,0,1,1,0,0,0,0,0
101,13,4,11,4,0,0,0,0,1
41,8,0,2,3,1,0,0,0,0
80,19,0,3,2,0,0,0,0,0
137,26,0,1,4,0,0,0,0,0
103,17,0,2,3,0,0,0,0,0
29,7,0,1,0,0,0,0,0,0
51,9,0,2,2,0,0,0,0,0
149,25,15,39,10,2,0,0,1,1
25,6,0,1,1,1,0,0,0,0
149,31,0,4,7,0,0,0,0,0
38,9,0,2,2,0,0,0,0,0
62,12,0,2,4,0,0,0,0,0
181,40,2,1,9,0,0,0,0,0
34,8,0,2,2,0,0,0,0,0
47,9,0,2,2,0,0,0,0,0
40,9,3,2,2,0,0,0,0,0
110,23,0,4,5,1,0,0,0,0
132,25,19,12,2,0,0,0,1,1
101,21,0,2,2,0,1,0,0,0
42,9,0,2,1,0,0,0,0,0
102,18,2,1,3,0,1,0,0,1
65,9,0,8,1,0,0,0,0,1
27,5,0,1,0,0,0,0,0,0
31,7,0,1,0,0,0,0,0,0
81,15,0,1,6,1,1,0,0,0
23,5,0,1,1,0,1,0,0,0
59,14,0,1,2,0,0,0,0,0
133,17,0,7,5,2,0,0,0,0
33,6,0,1,0,0,0,0,0,0
95,18,0,2,4,0,0,0,0,0
96,16,16,7,6,0,0,0,1,1
135,28,0,6,6,1,1,0,0,0
161,15,33,19,7,1,0,0,2,1
151,32,0,4,12,0,0,0,0,0
73,14,0,12,4,0,0,0,0,0
151,23,25,27,7,1,0,0,2,1
103,20,1,2,10,0,0,0,0,0
22,4,0,2,2,0,0,0,0,0
51,11,0,2,1,0,0,0,0,0
137,24,0,5,6,1,0,0,0,0
58,10,0,1,1,1,0,0,0,0
88,18,1,5,5,2,1,0,0,0
81,18,0,0,1,0,0,0,0,0
57,11,0,2,6,0,0,0,0,0
26,3,0,1,2,0,0,0,0,0
32,6,0,1,1,0,0,0,0,0
145,29,0,1,2,0,0,0,0,0
118,27,0,3,2,1,0,0,0,0
143,27,0,5,3,0,0,0,0,0
23,5,0,1,0,0,0,0,0,0
136,26,9,11,12,0,1,0,0,0
94,22,2,5,11,0,1,0,0,0
8,1,0,1,1,0,1,0,0,0
99,15,11,18,2,1,0,0,0,1
65,12,1,2,1,0,0,0,0,0
71,14,0,1,3,0,0,0,0,0
117,24,0,4,3,0,0,0,0,0
129,23,3,12,5,0,1,0,0,1
158,26,30,17,7,0,0,0,1,1
28,7,0,1,0,0,0,0,0,0
150,29,0,4,4,0,0,0,0,0
31,8,1,1,3,0,0,0,0,0
72,12,0,49,12,9,2,0,0,0
70,14,0,5,3,2,0,0,0,0
94,16,0,2,6,0,1,0,0,0
48,8,0,0,2,0,0,0,0,0
160,27,13,22,8,0,0,0,0,1
94,17,0,3,0,0,0,0,0,0
31,9,1,1,1,0,0,0,0,0
39,7,0,1,5,0,0,0,0,0
154,26,18,25,11,4,0,0,2,1
71,15,0,7,7,0,0,0,0,0
162,29,19,18,7,1,0,1,0,1
143,27,29,12,6,0,0,0,2,1
25,6,1,2,2,0,0,0,0,0
22,6,1,1,0,0,0,0,0,0
48,10,0,0,2,0,0,0,0,0
33,6,0,2,2,0,0,0,0,0
44,11,0,1,0,0,0,0,0,0
47,11,0,3,4,0,0,0,0,0
26,3,0,1,10,0,0,0,0,0
112,21,0,3,4,0,0,0,0,0
150,23,19,14,5,0,0,1,2,1
19,5,0,1,1,0,0,0,0,0
133,23,6,12,5,0,0,0,0,1
48,9,0,3,6,0,2,0,0,0
107,23,0,2,4,0,0,0,0,0
38,7,0,1,0,0,0,0,0,0
27,5,0,1,0,0,0,0,0,0
125,23,2,94,7,2,2,0,0,0
131,24,0,5,9,1,3,0,0,0
23,6,0,1,0,0,0,0,0,0
156,20,18,24,10,0,0,1,0,1
161,31,20,7,5,0,0,0,0,1
25,5,0,2,1,1,0,0,0,0
42,9,0,2,10,0,0,0,0,0
27,4,0,1,2,0,0,0,0,0
22,5,0,2,2,0,1,0,0,0
98,17,0,2,6,0,0,0,0,0
89,14,0,5,3,0,0,0,0,0
147,27,25,24,6,0,0,0,0,1
130,29,2,6,2,1,0,0,0,0
152,24,5,13,13,0,0,1,0,1
215,43,0,7,8,2,0,0,0,0
26,4,0,1,2,0,0,0,0,0
66,10,0,4,14,0,0,0,0,0
149,28,17,9,0,0,0,0,0,1
372,76,0,6,13,0,0,0,1,0
155,28,14,15,0,0,0,0,0,1
162,28,25,18,9,1,0,0,2,1
82,20,2,2,1,0,0,0,0,0
73,14,0,1,3,0,0,0,0,0
76,12,0,2,3,0,0,0,0,0
152,26,27,18,6,1,0,0,0,1
24,4,0,1,4,0,1,0,0,0
231,41,0,4,10,0,0,0,0,0
87,18,0,4,3,0,0,0,0,0
72,13,0,1,8,0,0,0,0,0
105,21,0,2,4,0,0,0,0,0
160,28,24,16,12,4,0,0,2,1
54,11,1,2,2,0,2,0,0,0
58,12,0,2,5,1,0,0,0,0
54,12,0,1,1,0,0,0,0,0
114,21,1,90,3,2,0,0,0,0
88,18,0,2,5,0,0,0,0,0
144,28,5,6,4,2,0,0,0,1
29,7,0,1,1,0,1,0,0,0
136,26,0,12,7,0,0,0,0,0
23,5,0,1,1,0,1,0,0,0
39,8,0,1,0,0,0,0,0,0
35,8,0,2,2,0,0,0,0,0
24,5,0,1,0,0,0,0,0,0
95,20,0,4,4,0,1,0,0,0
73,18,0,1,1,0,0,0,0,0
45,8,0,1,0,0,0,0,0,0
161,24,15,21,5,0,0,1,1,1
159,30,0,4,2,0,0,0,0,0
149,22,34,23,9,1,0,0,0,1
134,28,0,5,4,0,1,0,0,1
154,32,14,5,4,1,2,0,0,1
92,19,0,1,2,1,0,0,0,0
102,13,0,1,8,0,0,0,0,0
31,8,0,2,1,0,0,0,0,0
77,17,0,3,3,0,0,0,0,0
139,21,0,34,19,6,0,0,0,0
158,28,28,27,9,0,0,0,2,1
44,9,0,2,1,0,1,0,0,0
137,26,8,15,6,1,1,0,1,1
132,24,12,5,3,0,0,0,0,1
143,24,14,7,5,0,0,0,0,1
127,20,0,3,9,0,0,1,0,1
276,57,1,11,9,0,0,0,0,0
78,16,0,3,5,0,1,0,0,0
27,6,0,1,0,0,0,0,0,0
79,16,0,2,1,0,0,0,0,0
24,3,0,1,1,0,0,0,0,0
52,14,0,2,2,0,0,0,0,0
68,15,0,4,5,0,1,0,0,0
24,3,0,1,0,0,0,0,0,0
44,8,0,1,1,0,0,0,0,0
24,5,0,1,1,0,1,0,0,0
55,11,0,2,4,1,1,0,0,0
62,9,0,7,7,0,0,0,0,0
104,25,1,2,5,0,0,0,0,0
87,15,0,1,7,0,0,0,0,0
148,26,0,4,8,0,0,0,0,0
49,10,0,2,1,0,0,0,0,0
154,32,0,3,7,0,0,0,0,0
56,10,0,2,4,0,1,0,0,0
158,29,18,18,8,0,0,0,0,1
126,22,0,2,2,0,0,0,0,0
43,9,0,2,2,0,0,0,0,0
77,18,0,3,2,0,1,0,0,0
48,9,0,1,4,0,0,0,0,0
84,14,0,1,2,0,0,0,0,0
49,9,0,1,2,0,0,0,0,0
162,26,5,20,6,3,0,0,0,1
79,16,0,2,2,0,0,0,0,0
31,6,0,26,0,0,0,0,0,0
155,24,28,7,11,2,0,0,0,1
146,35,0,5,4,1,1,0,0,0
23,6,0,1,1,0,0,0,0,0
160,33,0,8,11,0,0,0,0,0
62,12,0,2,2,0,0,0,0,0
39,9,0,1,2,0,0,0,0,0
67,15,0,1,0,0,0,0,0,0
73,13,0,2,1,0,0,0,0,0
148,26,0,14,11,2,0,0,0,0
87,17,0,2,2,0,2,0,0,0
37,9,0,1,1,0,0,0,0,0
23,6,0,1,0,0,0,0,0,0
56,12,0,2,2,0,0,0,0,0
53,10,0,3,2,0,0,0,0,0
73,12,0,1,5,0,0,0,0,0
80,11,0,1,4,0,0,0,0,0
44,7,0,1,8,0,0,0,0,0
92,21,1,12,5,0,0,0,0,0
35,7,0,1,4,0,0,0,0,0
23,6,0,1,1,0,1,0,0,0
140,26,17,1,7,5,0,0,1,1
106,20,1,1,8,0,0,0,0,0
103,21,0,2,1,0,0,0,0,0
34,7,0,1,0,0,0,0,0,0
77,16,0,3,2,0,1,0,0,0
159,23,24,19,6,0,0,0,1,1
26,5,0,1,3,0,0,0,0,0
47,8,0,1,4,0,0,0,0,0
24,4,0,1,4,0,1,0,0,0
149,23,28,18,7,1,0,0,1,1
133,26,0,6,4,0,0,0,0,0
126,25,0,4,6,1,0,0,0,0
78,14,0,2,2,0,0,0,0,0
132,24,3,13,5,1,1,0,0,1
116,24,0,2,1,0,0,0,0,0
221,43,0,3,4,0,0,0,0,0
59,13,0,2,4,1,1,0,0,0
137,24,28,14,8,0,0,0,0,1
142,29,0,2,4,0,1,0,0,0
24,6,0,1,0,0,0,0,0,0
38,9,0,1,1,0,1,0,0,0
42,6,0,1,2,0,0,0,0,0
24,5,0,2,6,0,0,0,0,0
157,26,0,15,9,0,0,0,0,0
47,9,0,1,1,0,0,0,0,0
41,7,0,6,0,0,0,0,0,1
122,27,2,4,13,0,0,0,0,0
126,24,0,2,7,0,0,0,0,0
26,4,0,1,0,0,0,0,0,0
114,25,0,3,4,1,0,0,0,0
7,2,0,1,1,0,0,0,0,0
34,8,0,1,2,0,1,0,0,0
157,27,18,24,6,1,0,0,1,1
92,16,0,2,8,0,1,0,0,0
90,16,0,3,3,0,1,0,0,0
22,5,0,1,0,0,0,0,0,0
85,18,0,1,6,0,0,0,0,0
63,15,0,2,3,0,0,0,0,0
220,45,0,38,9,0,1,0,0,0
41,8,0,1,1,0,0,0,0,0
60,14,4,1,3,0,1,0,0,0
88,20,1,3,4,0,1,0,0,0
31,6,0,1,1,0,0,0,0,0
37,9,0,1,1,0,0,0,0,0
28,5,0,0,1,0,1,0,0,0
24,5,0,1,3,0,0,0,0,0
117,28,1,3,1,1,0,0,0,0
22,6,0,1,0,0,0,0,0,0
210,43,0,3,2,0,0,0,0,0
50,10,0,3,8,0,0,0,0,0
49,8,0,2,2,0,0,0,0,0
87,16,0,1,2,0,0,0,0,0
61,13,0,1,2,0,0,0,0,0
141,22,13,7,7,2,0,0,0,1
54,12,0,42,1,0,0,0,0,0
28,6,0,2,0,0,0,0,0,0
49,9,0,1,6,0,0,0,0,0
53,11,0,2,9,0,0,0,0,0
145,30,0,6,13,0,1,0,0,0
162,26,23,4,13,0,0,0,0,0
53,12,0,3,3,0,0,0,0,0
12,3,2,6,0,0,0,0,0,0
142,30,2,2,4,2,1,0,0,0
73,16,0,4,10,0,0,0,0,0
129,25,0,10,11,0,0,0,0,0
33,7,0,2,4,1,0,0,0,0
47,8,0,2,7,0,0,0,0,0
72,17,0,2,3,0,0,0,0,0
147,31,0,5,5,0,1,0,0,0
107,29,1,5,2,0,0,0,0,0
41,8,0,1,1,0,0,0,0,0
23,4,0,1,4,0,0,0,0,0
149,24,22,15,4,1,0,0,2,1
104,16,0,1,8,0,0,0,0,0
45,8,0,2,6,0,1,0,0,0
26,5,0,2,1,0,0,0,0,0
37,9,0,1,0,0,0,0,0,0
150,22,13,25,6,0,0,0,0,1
132,30,3,3,7,0,1,0,0,0
63,5,0,1,10,0,0,0,0,0
108,18,0,7,7,0,0,0,0,0
93,21,0,3,0,0,0,0,0,0
43,10,0,1,2,0,1,0,0,0
46,10,0,2,7,0,0,0,0,0
56,12,0,3,3,0,0,0,0,0
37,6,0,1,4,0,1,0,0,0
124,18,0,1,7,1,1,0,0,0
158,29,19,18,6,1,0,1,0,1
38,9,0,1,1,0,0,0,0,0
53,10,0,3,7,0,0,0,0,0
31,6,0,1,3,0,0,0,0,0
224,42,0,8,9,2,0,0,0,0
156,25,22,16,4,2,1,0,0,1
24,5,0,1,1,0,1,0,0,0
24,6,0,3,0,0,0,0,0,0
52,8,0,1,2,0,1,0,0,0
48,10,0,3,2,0,0,0,0,0
28,7,0,2,1,0,0,0,0,0
43,9,0,2,2,0,1,0,0,0
49,12,0,3,3,0,1,0,0,0
26,6,0,1,2,0,0,0,0,0
58,11,0,2,2,0,0,0,0,0
17,3,0,1,3,0,0,0,0,0
26,6,1,19,1,0,0,0,0,0
127,26,0,25,9,3,0,0,0,0
103,22,3,79,0,0,0,0,0,0
157,33,0,5,11,0,4,0,0,0
34,6,0,1,1,0,0,0,0,0
128,22,0,1,11,0,0,0,0,0
155,28,0,14,11,0,0,0,0,0
51,10,0,2,2,0,0,0,0,0
60,13,0,1,1,0,0,0,0,0
30,6,0,2,2,0,0,0,0,0
41,7,0,1,3,0,1,0,0,0
103,24,1,3,4,2,1,0,0,0
101,19,17,9,3,0,0,0,0,1
18,4,0,1,3,0,0,0,0,0
112,19,2,3,6,1,0,0,0,0
104,23,10,27,6,2,0,0,0,1
78,18,1,3,3,1,1,0,0,0
135,25,11,14,3,1,0,0,0,1
41,8,1,2,1,0,1,0,0,0
46,11,1,1,1,0,1,0,0,0
136,25,0,3,3,2,0,0,0,0
46,6,0,1,1,0,0,0,0,0
157,35,3,114,6,1,1,0,0,0
24,5,0,2,2,0,0,0,0,0
17,4,0,1,1,0,0,0,0,0
20,5,3,2,2,0,1,0,0,0
84,16,0,3,5,0,1,0,0,0
153,31,15,58,8,0,1,0,1,1
63,7,0,1,5,0,0,0,0,0
155,30,1,1,4,0,0,0,0,0
122,26,0,5,5,1,0,0,0,0
143,26,5,21,5,1,0,1,0,1
50,10,0,2,3,0,0,0,0,0
25,6,1,1,1,0,0,0,0,0
44,10,0,2,2,0,0,0,0,0
65,16,0,2,3,0,0,0,0,0
134,25,17,19,3,1,1,0,0,1
21,3,0,1,3,0,0,0,0,0
47,9,0,1,2,0,0,0,0,0
157,27,18,24,6,1,0,0,1,1
90,18,5,13,3,1,0,0,0,1
135,25,0,4,4,0,0,0,0,0
39,9,0,1,0,0,0,0,0,0
83,17,0,6,6,0,0,0,0,0
44,7,0,2,2,0,0,0,0,0
28,5,0,1,1,0,0,0,0,0
24,5,0,1,0,0,0,0,0,0
67,13,1,8,3,0,0,0,0,0
67,15,0,2,1,0,0,0,0,0
33,8,0,1,1,0,1,0,0,0
24,5,0,1,3,0,0,0,0,0
119,26,0,1,3,3,0,0,0,0
910,171,0,12,22,0,0,0,0,0
158,35,3,16,10,0,0,0,0,0
35,7,0,1,2,1,0,0,0,0
24,5,0,8,0,0,0,0,0,0
153,25,28,13,10,1,0,0,1,1
53,8,0,8,5,0,0,0,0,0
146,24,24,21,3,1,0,0,1,1
72,15,0,2,2,0,0,0,0,0
19,4,0,1,1,0,1,0,0,0
188,37,0,5,7,0,0,0,0,0
71,17,0,3,5,0,0,0,0,0
23,3,0,1,2,0,0,0,0,0
142,26,9,10,3,0,1,0,1,1
160,29,0,5,9,0,0,0,0,0
73,15,0,8,3,2,1,0,0,0
106,21,0,4,4,0,2,0,0,0
80,17,0,2,1,0,0,0,0,0
105,19,0,2,5,0,0,0,0,0
43,10,0,3,6,0,0,0,0,0
68,14,1,2,4,0,0,0,0,0
159,25,2,4,7,1,0,1,0,1
32,7,0,1,1,0,0,0,0,0
159,35,0,7,13,0,2,0,0,0
140,28,0,2,1,0,0,0,0,0
101,22,0,4,7,0,0,0,0,0
31,4,0,1,7,0,0,0,0,0
23,5,0,1,0,0,0,0,0,0
58,12,1,1,2,0,1,0,0,0
37,8,0,1,0,0,0,0,0,0
61,15,0,3,3,0,1,0,0,0
60,10,0,1,5,0,0,0,0,0
54,10,0,1,1,0,0,0,0,0
69,14,0,3,5,0,2,0,0,0
70,11,27,3,5,1,0,0,1,1
72,17,2,1,2,0,0,0,0,0
156,27,22,31,6,1,1,0,0,1
40,6,0,1,2,0,2,0,0,0
153,29,17,5,0,0,0,0,0,1
36,5,0,1,5,0,0,0,0,0
35,6,0,2,2,1,1,0,0,0
34,7,1,1,3,0,0,0,0,0
156,30,15,7,6,1,0,1,0,1
78,16,0,3,3,0,0,0,0,0
121,23,0,4,16,2,0,0,0,0
105,19,12,9,5,0,0,0,1,1
64,11,0,1,2,0,0,0,0,0
25,5,0,1,3,0,1,0,0,0
22,4,0,2,2,0,0,0,0,0
35,6,0,2,2,1,1,0,0,0
156,32,1,11,13,2,0,0,0,0
58,13,1,2,3,0,1,0,0,0
31,8,0,2,0,0,0,0,0,0
120,19,12,8,4,0,0,0,0,1
24,6,0,4,3,0,0,0,0,0
17,4,0,1,2,0,1,0,0,0
152,21,0,10,9,0,0,0,0,0
41,7,0,1,3,0,1,0,0,0
158,28,16,20,13,1,0,0,0,1
80,17,0,2,2,0,2,0,0,0
85,18,0,2,3,0,0,0,0,0
115,25,1,5,13,0,1,0,0,0
115,18,16,8,3,1,0,0,0,1
25,7,0,2,7,0,1,0,0,0
45,10,0,2,5,0,1,0,0,0
70,13,0,3,7,1,0,0,0,0
22,6,0,1,0,0,0,0,0,0
43,9,0,1,3,0,1,0,0,0
22,4,0,2,2,0,0,0,0,0
22,5,0,1,3,0,0,0,0,0
140,30,17,6,9,0,1,0,1,1
72,15,0,2,2,0,1,0,0,0
91,18,0,2,2,0,0,0,0,0
70,14,0,4,6,0,0,0,0,0
140,26,0,4,5,0,0,0,0,0
31,5,0,2,7,1,0,0,0,0
52,9,4,2,6,0,0,0,0,0
40,8,0,1,0,0,0,0,0,0
23,6,0,2,1,0,0,0,0,0
155,28,25,10,6,0,0,0,0,1
145,27,0,20,14,1,0,0,0,0
54,9,0,3,2,0,0,0,0,0
43,11,0,2,1,0,0,0,0,0
30,7,0,1,0,0,0,0,0,0
39,8,0,2,2,1,0,0,0,0
71,18,0,2,4,0,0,0,0,0
146,31,1,7,4,0,0,0,0,0
73,14,0,1,1,0,0,0,0,0
159,32,8,17,10,2,1,0,0,1
23,4,0,1,1,1,0,0,0,0
26,7,0,1,2,0,1,0,0,0
59,12,1,2,2,1,0,0,0,0
150,33,2,4,7,0,1,0,0,0
166,38,2,6,3,0,1,0,0,0
26,7,0,1,2,0,0,0,0,0
66,12,0,1,3,0,0,0,0,0
35,8,0,1,1,0,0,0,0,0
26,4,0,1,3,0,0,0,0,0
26,5,0,1,1,0,1,0,0,0
49,10,0,1,6,0,0,0,0,0
38,9,0,1,1,0,1,0,0,0
36,8,0,2,2,0,1,0,0,0
18,3,0,1,2,0,0,0,0,0
48,8,0,2,7,0,0,0,0,0
68,15,0,1,2,0,0,0,0,0
73,11,0,1,3,0,0,0,0,0
49,11,0,3,1,0,0,0,0,0
13,2,0,1,4,0,0,0,0,0
63,14,0,2,2,0,0,0,0,0
133,27,0,2,3,0,0,0,0,0
155,30,18,15,8,2,0,0,1,1
13,3,0,2,6,0,0,0,0,0
49,8,12,2,1,0,0,0,0,1
74,15,0,2,2,0,0,0,0,0
48,11,0,2,2,0,0,0,0,0
138,31,1,2,5,0,1,0,0,0
164,22,0,17,25,0,0,0,0,0
40,6,0,1,3,0,0,0,0,0
20,5,0,1,0,0,0,0,0,0
61,12,1,1,2,0,0,0,0,0
61,10,0,2,3,0,0,0,0,0
147,26,19,16,8,0,0,1,2,1
130,25,0,3,3,1,0,0,0,0
148,29,10,14,8,1,0,0,0,1
37,9,0,1,3,0,0,0,0,0
31,6,0,1,0,0,0,0,0,0
27,7,0,1,1,0,0,0,0,0
41,8,1,1,2,0,1,0,0,0
49,12,0,1,0,0,0,0,0,0
52,11,0,2,2,0,1,0,0,0
124,25,0,4,6,2,0,0,0,0
63,13,0,2,3,1,0,0,0,0
85,15,0,2,6,0,1,0,0,0
50,8,12,2,2,0,0,0,0,1
70,15,0,1,1,0,0,0,0,0
55,8,0,1,8,0,1,0,0,0
119,25,1,4,5,0,0,0,0,0
143,31,14,14,7,2,0,0,0,1
22,4,0,1,1,0,0,0,0,0
43,9,0,2,2,0,0,0,0,0
46,8,0,1,0,0,0,0,0,0
146,27,20,3,4,0,0,0,1,1
75,14,1,1,3,0,0,0,0,0
159,23,15,21,3,0,0,1,0,1
43,8,0,2,2,0,1,0,0,0
123,21,21,15,6,0,0,1,1,1
31,7,0,2,3,0,0,0,0,0
76,15,0,1,7,0,0,0,0,0
51,13,0,0,4,0,0,0,0,0
27,5,1,0,2,0,0,0,0,0
34,7,0,2,3,0,0,0,0,0
125,21,3,1,8,1,0,0,0,0
136,26,9,11,12,0,1,0,0,0
24,5,0,1,1,0,1,0,0,0
33,9,0,1,1,0,1,0,0,0
63,11,0,1,2,1,0,0,0,0
96,19,0,3,3,0,0,0,0,0
53,14,1,4,3,1,1,0,0,0
59,12,0,1,4,0,1,0,0,0
52,10,0,2,0,0,0,0,0,0
45,10,0,2,5,0,0,0,0,0
34,7,1,2,4,0,1,0,0,0
53,10,0,1,0,0,0,0,0,0
110,21,2,4,6,3,0,0,0,0
60,13,0,3,3,0,1,0,0,0
152,27,4,114,7,2,0,0,0,0
55,11,0,2,5,0,0,0,0,0
84,15,0,15,2,0,0,0,0,0
81,13,11,5,0,0,0,0,0,1
87,20,0,1,0,0,0,0,0,0
83,17,0,2,6,0,0,0,0,0
26,5,0,1,1,0,1,0,0,0
58,12,0,2,2,0,0,0,0,0
46,9,0,1,6,0,0,0,0,0
43,10,0,2,2,0,0,0,0,0
24,5,0,2,2,0,0,0,0,0
97,18,0,8,1,0,0,0,0,0
70,14,0,3,5,0,0,0,0,0
179,35,0,6,8,2,0,0,0,0
120,20,27,3,7,0,0,0,0,1
54,11,0,3,5,0,0,0,0,0
26,7,0,1,0,0,0,0,0,0
156,19,1,3,6,1,0,0,0,0
123,24,2,3,3,0,1,0,0,0
48,8,0,39,2,0,0,0,0,0
147,27,20,28,3,0,1,0,1,1
40,8,0,2,3,0,0,0,0,0
81,19,0,1,3,0,0,0,0,0
116,26,0,1,0,0,0,0,0,0
5,1,0,1,3,0,0,0,0,0
66,12,5,4,5,0,0,0,0,1
81,18,0,3,4,0,0,0,0,0
20,6,1,1,1,0,1,0,0,0
13,3,0,1,3,0,0,0,0,0
37,8,0,1,0,0,0,0,0,0
66,17,3,4,4,0,0,0,0,0
69,15,2,2,4,0,1,0,0,0
55,13,0,2,1,0,0,0,0,0
45,9,0,2,2,0,1,0,0,0
159,32,0,16,15,3,0,0,0,0
25,5,0,2,2,0,0,0,0,0
28,6,0,1,3,0,0,0,0,0
40,7,0,1,1,0,0,0,0,0
156,31,0,3,3,0,0,0,0,0
138,33,0,4,4,0,3,0,0,0
24,6,0,1,1,1,0,0,0,0
70,12,8,4,10,0,0,0,2,0
61,14,2,2,7,0,0,0,0,0
86,17,0,2,3,1,1,0,0,0
174,35,0,4,3,0,0,0,0,0
48,8,0,2,6,0,0,0,0,0
48,10,0,2,2,0,1,0,0,0
25,6,0,19,1,0,0,0,0,0
54,10,0,2,2,1,0,0,0,0
38,10,1,3,3,0,2,0,0,0
46,10,0,1,2,0,0,0,0,0
64,12,0,2,3,0,1,0,0,0
133,23,0,2,1,0,0,0,0,0
36,8,0,2,3,0,0,0,0,0
132,31,3,96,3,0,0,0,0,0
51,11,0,2,1,0,0,0,0,0
48,8,0,2,3,1,0,0,0,0
62,10,0,1,2,0,0,0,0,0
162,23,15,2,9,2,1,0,0,1
155,28,6,7,7,0,0,1,0,1
48,11,0,3,4,0,0,0,0,0
39,9,0,2,4,2,0,0,0,0
103,23,0,3,6,0,0,0,0,0
83,20,0,3,3,0,0,0,0,0
84,19,1,4,3,1,1,0,0,0
39,8,0,1,1,0,1,0,0,0
122,25,1,3,5,0,0,0,0,0
154,30,2,6,11,0,0,0,0,0
36,7,0,2,1,0,0,0,0,0
140,26,2,11,7,1,0,0,0,1
5,1,0,1,3,0,0,0,0,0
30,6,0,2,1,0,0,0,0,0
57,11,0,2,3,0,1,0,0,0
54,10,0,2,5,0,1,0,0,0
34,7,0,1,5,0,1,0,0,0
85,19,4,3,3,0,1,0,0,0
139,29,1,3,5,0,0,0,0,0
35,7,0,1,1,0,0,0,0,0
31,6,0,1,2,0,0,0,0,0
126,26,11,13,9,1,1,0,1,1
48,11,1,2,2,0,0,0,0,0
94,21,0,1,1,0,0,0,0,0
27,6,0,2,2,0,0,0,0,0
28,6,0,2,0,0,0,0,0,0
41,8,0,3,8,0,0,0,0,0
42,8,0,3,10,0,0,0,0,0
150,35,0,7,6,2,1,0,0,0
162,29,0,10,9,0,0,0,0,0
82,18,1,2,2,0,0,0,0,0
45,10,0,2,5,0,1,0,0,0
56,11,0,3,3,0,1,0,0,0
41,6,0,1,4,0,0,0,0,0
23,5,0,1,1,0,0,0,0,0
112,22,1,3,2,0,0,0,0,0
38,7,0,2,1,0,0,0,0,0
160,33,0,4,9,0,0,0,0,0
32,4,0,2,0,0,0,0,0,0
47,9,0,1,0,0,0,0,0,0
82,18,0,4,2,0,1,0,0,0
25,5,0,1,1,0,0,0,0,0
51,9,0,2,3,0,1,0,0,0
155,26,21,18,8,2,0,0,1,1
21,4,0,1,3,0,0,0,0,0
30,6,0,1,1,0,1,0,0,0
121,25,1,28,6,0,0,0,0,0
53,9,0,2,3,0,0,0,0,0
84,20,1,4,6,2,1,0,0,0
24,5,0,1,0,0,0,0,0,0
81,16,0,1,0,0,0,0,0,0
152,32,0,4,4,1,2,0,0,0
131,26,1,2,3,0,1,0,0,0
327,63,1,3,28,0,0,0,0,0
49,10,0,1,0,0,0,0,0,0
65,13,1,3,3,0,3,0,0,0
29,6,0,1,1,0,1,0,0,0
207,42,0,4,6,0,0,0,0,0
114,24,0,4,6,0,1,0,0,0
101,19,23,29,3,0,0,0,0,1
49,11,2,2,1,0,0,0,0,0
108,20,0,1,6,0,0,0,0,0
36,6,0,2,5,1,0,0,0,0
32,6,0,1,1,0,0,0,0,0
50,10,0,3,2,0,0,0,0,0
80,19,0,1,3,0,1,0,0,0
141,24,5,8,18,0,0,0,0,0
151,27,25,7,11,0,0,0,0,1
154,22,31,31,12,2,0,1,1,1
23,4,0,1,1,0,0,0,0,0
40,8,0,1,0,0,0,0,0,0
159,24,17,13,6,0,0,0,0,1
25,5,0,1,3,0,0,0,0,0
143,31,14,14,7,2,0,0,0,1
22,7,0,0,0,0,0,0,0,0
153,29,0,3,11,1,0,0,0,0
72,18,0,1,0,0,0,0,0,0
203,32,0,1,9,0,0,0,0,0
324,79,1,23,38,1,4,0,0,0
115,23,0,3,5,0,1,0,0,0
27,7,1,1,1,0,0,0,0,0
139,29,1,3,4,2,0,0,0,0
46,10,0,1,2,0,0,0,0,0
115,24,1,3,9,0,0,0,0,0
155,36,0,5,6,0,4,0,0,0
35,6,0,1,1,0,0,0,0,0
82,17,1,3,11,0,0,0,0,0
7,2,0,1,2,0,0,0,0,0
36,7,1,1,1,0,1,0,0,0
73,14,0,2,2,1,0,0,0,0
24,5,0,1,1,0,0,0,0,0
49,12,2,2,6,0,0,0,0,0
48,10,0,2,1,0,1,0,0,0
155,27,0,15,10,0,0,0,0,0
93,18,0,2,1,0,0,0,0,0
99,18,0,5,16,0,0,0,0,0
155,27,0,15,10,0,0,0,0,0
48,8,0,1,2,1,0,0,0,0
42,7,0,1,1,0,0,0,0,0
24,3,0,1,5,0,1,0,0,0
163,26,2,128,8,1,0,1,0,1
30,7,0,1,0,0,0,0,0,0
44,8,0,1,2,0,0,0,0,0
24,5,0,1,0,0,0,0,0,0
34,6,0,1,1,0,0,0,0,0
144,25,0,0,5,0,0,0,0,0
179,34,0,3,11,1,0,0,0,0
143,22,16,26,8,1,0,0,0,1
52,11,0,1,1,0,1,0,0,0
82,17,0,1,0,0,0,0,0,0
39,7,0,1,4,0,0,0,0,0
80,18,0,3,9,0,0,0,0,0
35,9,0,2,2,0,0,0,0,0
78,14,0,2,6,0,0,0,0,0
41,7,0,2,3,0,0,0,0,0
27,7,0,1,1,0,1,0,0,0
152,25,19,14,5,0,0,1,2,1
32,6,0,1,1,0,0,0,0,0
33,6,0,1,4,0,0,0,0,0
41,8,0,1,6,0,0,0,0,0
5,1,0,1,3,0,0,0,0,0
126,24,1,98,3,1,2,0,0,0
166,32,0,2,5,0,0,0,0,0
71,12,0,2,3,1,0,0,0,1
141,30,0,2,6,3,0,0,0,0
122,22,0,3,4,0,0,0,0,0
38,7,0,2,1,0,0,0,0,0
62,13,0,2,2,1,0,0,0,0
47,10,0,1,1,0,0,0,0,0
21,4,0,1,3,0,0,0,0,0
115,22,0,2,5,1,0,0,0,0
71,16,1,3,5,0,0,0,0,0
33,6,0,2,3,0,1,0,0,0
72,16,0,2,1,0,1,0,0,0
132,21,0,28,19,0,0,0,0,0
26,3,0,1,4,0,0,0,0,0
38,10,0,1,3,0,1,0,0,0
141,26,25,18,6,0,0,1,1,1
25,3,0,1,0,0,0,0,0,0
27,6,0,1,0,0,0,0,0,0
159,32,3,2,3,0,0,0,0,0
107,20,0,3,6,1,0,0,0,0
142,28,10,7,1,0,0,0,1,1
12,2,1,0,1,0,0,0,0,0
25,5,0,1,1,0,0,0,0,0
63,12,0,3,4,1,1,0,0,0
33,6,0,2,2,0,0,0,0,0
23,3,0,1,1,0,0,0,0,0
53,11,0,2,2,0,0,0,0,0
159,29,12,25,4,1,1,0,0,1
104,20,0,5,9,0,1,0,0,0
154,26,19,29,4,0,1,0,1,1
149,35,1,1,4,0,0,0,0,0
81,14,1,1,0,0,0,0,0,1
144,25,0,3,9,0,0,0,0,0
51,10,0,4,3,1,0,0,0,0
153,25,35,16,8,4,0,0,1,1
114,24,0,6,9,0,0,0,0,0
131,29,1,3,5,0,0,0,0,0
159,25,27,31,10,2,0,0,1,1
174,26,0,28,16,0,0,0,0,0
42,8,0,1,1,0,0,0,0,0
161,28,18,26,4,0,1,0,1,1
151,30,8,20,5,0,0,0,0,0
37,7,0,1,0,0,0,0,0,0
61,11,0,7,2,0,0,0,0,0
74,16,0,1,4,0,1,0,0,0
93,21,0,2,3,0,1,0,0,0
141,30,0,6,7,0,0,0,0,0
85,15,0,3,8,1,1,0,0,0
78,20,2,2,3,0,1,0,0,0
33,7,0,1,0,0,0,0,0,0
90,19,0,2,2,0,0,0,0,0
147,30,1,2,4,0,0,0,0,0
33,6,0,1,1,0,1,0,0,0
32,6,0,1,2,0,0,0,0,0
5,1,0,1,3,0,0,0,0,0
149,24,0,3,3,0,0,0,0,0
22,4,0,2,2,0,0,0,0,0
132,30,0,3,5,0,0,0,0,0
154,33,0,6,6,1,4,0,0,0
31,6,0,1,2,0,0,0,0,0
51,9,0,1,1,0,0,0,0,0
18,4,0,1,2,0,0,0,0,0
172,34,0,3,4,1,0,0,0,0
130,22,13,17,7,0,0,1,0,1
76,15,0,2,2,0,0,0,0,0
78,14,0,2,11,1,0,0,0,0
112,22,0,4,3,0,0,0,0,0
58,12,0,2,3,0,1,0,0,0
158,34,0,3,6,0,0,0,0,0
59,11,0,6,6,0,0,0,0,0
154,29,0,3,3,0,0,0,0,0
154,28,2,20,9,0,2,0,0,1
34,5,0,5,2,0,0,0,0,0
122,24,23,29,1,0,0,0,0,1
26,5,0,1,3,0,1,0,0,0
31,6,0,1,6,0,0,0,0,0
26,6,0,3,2,0,0,0,0,0
64,10,0,1,2,0,0,0,0,0
121,24,0,13,3,0,0,0,0,1
179,34,0,3,11,1,0,0,0,0
56,9,0,1,0,0,0,0,0,0
148,33,0,5,5,0,0,0,0,0
90,16,0,4,6,0,2,0,0,0
110,22,0,3,4,0,1,0,0,0
458,95,0,7,14,0,4,0,0,0
36,6,0,1,1,1,0,0,0,0
28,3,0,1,7,0,0,0,0,0
33,7,0,1,2,0,1,0,0,0
51,11,0,1,3,0,0,0,0,0
157,28,0,3,3,0,0,0,0,1
45,10,0,1,1,0,0,0,0,0
37,6,0,2,2,0,0,0,0,0
159,27,23,27,9,3,0,0,1,1
39,8,0,2,1,0,0,0,0,0
96,23,2,2,4,0,0,0,0,0
15,3,0,1,3,0,0,0,0,0
29,5,0,1,3,0,1,0,0,0
32,7,0,1,1,0,0,0,0,0
152,37,0,5,10,1,1,0,0,0
29,4,0,1,2,0,0,0,0,0
36,7,0,2,2,0,0,0,0,0
54,10,0,2,0,0,0,0,0,0
29,5,0,1,1,0,1,0,0,0
47,11,0,3,4,3,0,0,0,0
172,36,0,2,4,0,0,0,0,0
32,6,0,2,6,0,0,0,0,0
22,4,0,1,2,0,0,0,0,0
150,28,16,18,7,0,0,0,0,1
91,18,0,5,5,2,1,0,0,0
53,10,0,3,2,0,0,0,0,0
24,4,0,1,0,0,0,0,0,0
121,24,0,4,4,0,1,0,0,0
36,7,0,1,1,0,0,0,0,0
212,39,0,49,13,0,0,0,0,0
25,4,0,1,2,0,0,0,0,0
156,26,5,7,11,0,0,1,0,1
59,10,0,2,2,0,0,0,0,0
155,35,0,6,8,1,5,0,0,0
37,6,0,2,6,0,0,0,0,0
79,17,0,2,6,0,0,0,0,0
24,6,0,1,1,0,0,0,0,0
50,11,0,2,1,0,0,0,0,0
75,16,0,1,2,0,0,0,0,0
41,10,0,2,2,0,0,0,0,0
8,2,0,1,3,0,0,0,0,0
36,8,0,2,1,0,0,0,0,0
31,7,0,2,2,0,1,0,0,0
73,15,2,1,1,0,0,0,0,0
127,26,0,3,5,0,0,0,0,0
14,4,0,1,1,0,1,0,0,0
97,23,0,6,3,0,0,0,0,0
123,22,1,5,16,0,0,0,0,0
92,19,0,1,2,0,1,0,0,0
63,11,1,1,5,0,0,0,0,0
58,12,0,2,1,0,0,0,0,0
46,10,0,1,2,0,0,0,0,0
26,5,1,2,1,0,0,0,0,0
143,29,1,2,19,0,0,0,0,0
29,8,0,2,1,0,0,0,0,0
31,5,0,0,2,0,0,0,0,0
156,24,3,26,3,0,1,0,0,0
37,8,0,1,1,0,0,0,0,0
63,11,0,1,6,0,0,0,0,0
33,4,0,1,1,0,0,0,0,0
145,22,28,14,8,0,0,0,0,1
149,28,17,40,8,3,0,0,0,1
104,25,1,2,3,0,0,0,0,0
58,11,0,4,13,0,0,0,0,0
62,14,0,6,4,0,1,0,0,0
184,38,0,1,4,0,0,0,0,0
611,103,4,28,133,0,1,0,0,0
61,12,0,2,3,1,1,0,0,0
62,13,0,1,3,0,1,0,0,0
64,11,0,1,0,0,0,0,0,0
47,9,1,2,5,0,0,0,0,0
92,19,0,2,9,0,0,0,0,0
22,4,0,2,2,0,0,0,0,0
338,69,1,4,9,0,0,0,0,0
86,15,0,1,0,0,0,0,0,0
159,32,0,13,7,0,0,0,0,0
30,7,1,2,2,0,0,0,0,0
105,25,0,7,5,0,0,0,0,0
148,33,1,4,19,3,0,0,0,0
30,5,0,1,4,0,0,0,0,0
52,10,0,1,0,0,0,0,0,0
136,20,29,17,9,1,0,0,0,1
152,28,0,6,7,2,0,0,0,0
43,8,0,1,1,0,0,0,0,0
146,29,9,6,3,0,0,0,1,1
144,23,24,22,5,1,0,0,1,1
35,8,0,1,2,0,0,0,0,0
47,9,0,2,1,0,0,0,0,0
25,4,0,1,2,0,1,0,0,0
127,27,0,2,2,0,0,0,0,0
25,4,0,2,4,0,0,0,0,0
142,26,2,3,5,1,2,0,0,0
128,19,1,17,3,0,0,0,0,0
24,5,0,1,1,0,0,0,0,0
43,8,0,2,7,0,0,0,0,0
99,21,4,1,5,0,0,0,0,0
152,36,0,6,6,0,6,0,0,0
37,8,0,1,2,0,1,0,0,0
32,7,0,1,1,0,0,0,0,0
3,1,3,0,0,0,0,0,0,0
153,20,13,11,13,2,1,1,0,1
28,6,1,1,2,0,1,0,0,0
55,10,0,2,3,1,0,0,0,0
28,8,0,1,0,0,0,0,0,0
121,25,0,2,2,0,0,0,0,0
29,6,0,1,1,0,1,0,0,0
115,22,1,1,6,0,0,0,1,0
39,9,0,1,0,0,0,0,0,0
154,37,0,6,17,2,0,0,0,0
148,24,0,12,16,0,0,0,0,0
132,24,12,5,3,0,0,0,0,1
44,7,0,1,5,0,1,0,0,0
71,14,8,1,2,0,0,0,0,1
156,32,0,6,6,0,0,0,0,0
25,6,0,2,2,0,1,0,0,0
147,27,23,24,7,2,0,0,1,1
41,8,0,2,4,1,0,0,0,0
83,17,0,1,2,1,1,0,0,0
45,11,2,3,3,0,0,0,0,0
73,15,1,2,3,0,0,0,0,0
158,28,0,4,10,1,0,0,0,0
47,10,0,2,2,0,0,0,0,0
161,23,19,66,9,0,0,1,0,1
159,32,0,4,7,0,0,0,0,0
165,36,0,5,4,0,0,0,0,0
155,29,1,14,8,0,0,0,1,1
37,5,0,1,4,0,0,0,0,0
160,31,26,11,3,1,1,0,0,1
41,8,0,1,3,0,0,0,0,0
136,32,0,2,8,0,2,0,0,0
24,4,0,1,0,0,0,0,0,0
35,7,0,27,2,2,0,0,0,0
25,5,0,1,2,0,0,0,0,0
31,7,1,2,2,0,0,0,0,0
36,7,0,3,2,0,0,0,0,0
132,28,0,4,10,1,0,0,0,0
156,27,0,16,14,0,0,0,0,0
30,7,0,23,1,0,0,0,0,0
118,27,0,1,5,0,0,0,0,0
82,17,0,3,9,0,0,0,0,0
123,19,23,13,10,0,0,1,1,1
146,33,0,6,15,0,1,0,0,0
73,14,0,12,4,0,0,0,0,0
22,7,1,1,1,0,0,0,0,0
90,19,0,4,6,0,0,0,0,0
61,11,0,1,5,0,0,0,0,0
148,22,35,27,8,2,0,0,2,1
28,5,0,1,3,0,1,0,0,0
42,10,0,2,2,0,0,0,0,0
75,14,0,2,4,1,1,0,0,0
160,25,19,23,2,0,0,0,1,1
27,6,0,1,1,0,0,0,0,0
14,4,0,1,4,0,0,0,0,0
129,27,0,3,10,0,0,0,0,0
73,14,0,1,0,0,0,0,0,0
88,19,0,1,1,0,0,0,0,0
27,5,0,3,4,0,0,0,0,0
147,24,0,4,12,0,0,0,0,0
11,2,1,1,1,1,0,0,0,0
23,5,0,1,1,0,0,0,0,0
158,28,18,24,6,1,0,0,1,1
73,13,6,4,4,0,0,0,0,1
25,6,0,1,0,0,0,0,0,0
144,24,0,6,9,0,0,0,0,0
50,11,1,3,7,1,1,0,1,0
40,9,0,1,1,0,1,0,0,0
156,29,0,4,6,1,0,0,0,0
122,23,0,3,8,0,1,0,0,0
18,4,0,2,3,0,0,0,0,0
6,2,0,1,1,0,1,0,0,0
126,30,1,94,2,1,0,0,0,0
46,9,0,1,0,0,0,0,0,0
30,8,1,1,0,0,0,0,0,0
35,6,0,2,1,0,0,0,0,0
174,28,21,3,5,0,0,0,2,1
114,16,18,9,7,0,1,0,0,1
32,5,0,2,2,0,1,0,0,0
23,5,0,1,0,0,0,0,0,0
126,25,8,15,6,1,1,0,1,1
42,9,0,2,2,0,0,0,0,0
99,18,0,5,4,1,0,0,0,0
96,20,1,4,4,0,1,0,0,0
73,15,0,2,7,0,1,0,0,0
72,12,0,3,9,0,0,0,0,0
76,16,0,2,2,0,0,0,0,0
60,12,0,3,3,0,0,0,0,0
148,27,5,3,4,0,0,0,0,1
5,1,0,1,3,0,0,0,0,0
31,6,0,1,0,0,0,0,0,0
77,15,0,2,6,0,0,0,0,0
33,8,2,1,1,1,0,0,0,0
25,5,0,2,2,0,0,0,0,0
126,20,0,4,7,0,1,0,0,0
71,15,0,4,5,0,2,0,0,0
75,16,0,3,5,2,0,0,0,0
68,12,0,3,3,0,0,0,0,0
144,31,0,5,7,0,4,0,0,0
59,14,0,2,6,0,0,0,0,0
60,10,0,1,4,0,0,0,0,0
49,11,0,2,2,1,1,0,0,0
66,14,0,0,1,0,0,0,0,0
145,23,22,25,6,1,0,0,0,1
24,6,0,2,1,0,0,0,0,0
58,13,0,2,2,0,2,0,0,0
107,20,1,4,5,1,1,0,0,0
138,25,10,34,9,1,0,0,0,1
53,9,0,1,6,0,0,0,0,0
73,16,0,3,6,0,0,0,0,0
149,35,1,1,4,0,0,0,0,0
144,25,0,1,9,0,0,0,0,0
62,10,0,3,3,1,0,0,0,0
159,32,8,10,12,0,0,0,1,0
39,8,1,2,6,0,0,0,0,0
67,13,0,2,6,0,0,0,0,0
127,26,2,95,5,3,1,0,0,0
24,5,0,1,0,0,0,0,0,0
136,22,1,6,6,0,0,0,0,0
34,8,0,2,0,0,0,0,0,0
26,5,0,1,1,0,0,0,0,0
55,11,0,2,1,0,0,0,0,0
27,5,0,1,2,0,1,0,0,0
224,34,23,15,17,0,0,0,1,1
39,8,0,1,3,0,0,0,0,0
36,7,0,1,0,0,0,0,0,0
23,5,0,1,0,0,0,0,0,0
51,11,0,2,1,0,0,0,0,0
34,7,0,2,5,0,0,0,0,0
34,7,0,1,2,0,0,0,0,0
159,27,29,31,4,1,0,0,1,1
74,15,0,2,4,1,0,0,0,0
142,26,1,105,11,1,0,0,0,0
32,8,0,1,1,1,0,0,0,0
155,24,18,4,2,1,0,0,0,1
160,33,1,3,6,1,0,0,0,0
86,18,0,1,4,0,0,0,0,0
32,7,0,1,1,0,0,0,0,0
166,29,0,27,12,0,0,0,0,0
22,6,0,17,0,0,0,0,0,0
26,4,0,1,4,0,0,0,0,0
92,18,1,1,1,0,0,0,0,0
37,7,0,1,0,0,0,0,0,0
46,11,0,2,2,0,1,0,0,0
62,13,0,2,2,0,1,0,0,0
39,5,0,1,4,0,0,0,0,0
50,12,0,2,1,0,0,0,0,0
35,8,0,1,4,0,0,0,0,0
21,4,0,1,4,0,0,0,0,0
107,26,1,1,2,0,1,0,0,0
38,6,0,1,5,0,1,0,0,0
205,31,0,2,9,0,0,0,0,0
158,23,0,16,10,0,0,0,0,0
67,13,0,10,4,0,0,0,0,0
143,22,23,42,8,2,0,0,1,1
121,20,6,3,13,0,0,0,1,0
162,30,16,28,7,0,0,0,0,1
26,7,0,1,2,0,1,0,0,0
68,14,0,2,1,0,0,0,0,0
123,29,2,4,8,0,0,0,0,0
61,11,0,3,3,0,0,0,0,0
33,8,0,2,3,0,0,0,0,0
156,33,0,5,5,2,1,0,0,0
41,8,0,1,2,0,0,0,0,0
50,10,1,1,6,0,0,0,0,0
41,9,0,3,1,0,1,0,0,0
33,6,11,10,1,1,0,0,0,1
154,28,5,14,8,0,0,0,0,1
151,30,8,20,5,0,0,0,0,0
164,28,19,9,11,0,1,0,2,1
154,27,25,30,5,1,0,0,0,1
22,6,0,0,4,0,0,0,0,0
53,10,0,3,2,0,0,0,0,0
62,13,0,2,1,0,0,0,0,0
159,32,0,13,7,0,0,0,0,0
34,9,0,2,2,0,0,0,0,0
151,29,0,7,9,1,1,0,0,0
26,4,0,1,6,0,0,0,0,0
27,7,0,1,0,0,0,0,0,0
52,11,0,3,2,0,0,0,0,0
100,22,0,1,3,0,0,0,0,0
164,30,3,6,7,0,0,0,0,0
132,25,5,9,10,2,0,1,0,1
39,8,0,2,1,0,0,0,0,0
32,7,0,2,2,0,0,0,0,0
158,34,0,3,3,0,2,0,0,0
120,24,0,3,4,0,1,0,0,0
42,8,0,1,1,0,1,0,0,0
46,10,0,2,2,0,0,0,0,0
44,12,0,1,3,0,0,0,0,0
123,21,0,5,10,0,1,0,0,0
24,5,0,1,0,0,0,0,0,0
29,6,0,2,5,0,1,0,0,0
34,8,0,2,3,0,0,0,0,0
28,5,0,1,5,0,0,0,0,0
47,8,0,1,5,1,0,0,0,0
155,26,21,4,2,0,0,0,1,1
47,11,0,2,2,0,0,0,0,0
115,24,0,5,12,0,0,0,0,0
37,8,0,2,2,0,0,0,0,0
64,15,0,2,4,0,2,0,0,0
83,19,1,3,3,0,2,0,0,0
120,26,3,5,5,0,0,0,0,0
24,5,0,1,1,0,0,0,0,0
89,23,0,66,1,0,0,0,0,0
67,12,1,3,7,0,1,0,0,0
44,9,0,1,2,0,2,0,0,0
33,7,1,3,3,2,0,0,0,0
28,6,0,1,1,0,1,0,0,0
37,8,0,2,5,0,0,0,0,0
76,13,0,1,4,0,0,0,0,0
150,36,0,5,1,0,0,0,0,0
45,9,0,1,2,0,0,0,0,0
84,18,0,5,11,0,2,0,0,0
24,6,0,1,0,0,0,0,0,0
119,26,0,1,3,3,0,0,0,0
332,64,0,11,17,0,0,0,0,0
80,15,0,5,4,0,0,0,0,0
24,6,0,3,0,0,0,0,0,0
151,28,13,11,4,3,0,0,0,1
34,7,0,1,2,0,0,0,0,0
65,13,0,3,4,2,0,0,0,0
27,6,0,1,1,0,1,0,0,0
24,5,0,2,1,0,1,0,0,0
53,11,0,1,0,0,0,0,0,0
28,6,0,1,2,1,0,0,0,0
22,5,0,1,1,0,1,0,0,0
23,4,0,1,2,0,0,0,0,0
161,30,24,12,6,0,0,0,0,1
191,41,3,3,6,1,1,0,0,0
75,16,0,4,2,0,0,0,0,0
23,6,0,1,1,0,0,0,0,0
25,4,0,1,1,0,1,0,0,0
37,5,0,1,2,0,0,0,0,0
40,8,0,1,2,0,0,0,0,0
93,22,0,4,11,0,1,0,0,0
107,22,0,3,4,3,0,0,0,0
158,22,24,25,9,0,0,0,0,1
52,10,0,2,1,0,0,0,0,0
71,16,2,1,3,0,0,0,0,0
53,11,0,3,4,0,1,0,0,0
51,12,7,2,2,0,0,0,0,0
153,30,19,9,7,1,0,0,0,1
98,20,0,3,3,0,0,0,0,0
89,17,0,2,4,0,0,0,0,0
50,9,0,1,4,0,1,0,0,0
163,29,0,47,15,0,1,0,0,0
135,27,0,2,2,0,0,0,0,0
32,7,0,1,2,0,0,0,0,0
41,9,0,2,3,0,1,0,0,0
58,11,0,1,2,0,0,0,0,0
50,10,0,3,5,0,0,0,0,0
790,162,0,14,34,0,0,0,0,0
34,8,0,1,1,0,0,0,0,0
35,9,0,1,0,0,0,0,0,0
100,18,0,2,2,0,0,0,0,0
46,12,0,3,1,0,1,0,0,0
183,36,0,6,21,2,0,0,0,0
71,16,0,1,1,0,0,0,0,0
30,7,0,1,0,0,0,0,0,0
34,7,0,3,3,0,0,0,0,0
75,16,1,2,1,0,0,0,0,0
55,13,0,2,1,0,0,0,0,0
117,20,8,7,3,0,0,0,2,1
84,19,0,4,1,1,0,0,0,1
155,25,12,26,7,1,0,1,0,1
33,8,0,2,3,0,0,0,0,0
96,21,0,4,5,1,1,0,0,0
33,8,0,26,0,0,0,0,0,0
132,24,12,5,3,0,0,0,0,1
64,13,1,2,2,0,0,0,0,0
23,4,0,2,4,0,1,0,0,0
32,7,0,2,3,0,0,0,0,0
128,24,0,4,11,0,0,0,0,0
45,10,0,2,4,1,1,0,0,0
62,14,0,2,2,0,0,0,0,0
154,22,20,26,8,1,0,0,0,1
153,23,24,20,5,1,0,0,1,1
85,19,0,3,2,0,0,0,0,0
32,8,1,1,1,0,0,0,0,0
89,18,0,3,3,1,0,0,0,0
63,12,0,2,1,0,0,0,0,0
163,28,29,99,5,0,0,0,0,1
28,6,0,2,0,0,0,0,0,0
156,33,7,14,8,0,0,0,0,1
41,9,0,5,2,0,0,0,0,0
110,24,1,3,3,0,0,0,0,0
53,11,0,2,3,0,1,0,0,0
31,7,1,1,1,0,1,0,0,0
27,6,0,1,2,0,0,0,0,0
79,15,0,2,6,0,3,0,0,0
22,4,0,2,2,0,0,0,0,0
40,8,0,1,3,0,0,0,0,0
143,30,19,7,6,0,0,0,0,1
58,10,0,4,12,0,0,0,0,0
54,11,0,2,3,0,0,0,0,0
84,16,0,2,2,0,0,0,0,0
15,4,0,11,1,0,1,0,0,0
105,25,0,4,4,0,3,0,0,0
30,7,0,1,1,0,1,0,0,0
108,22,0,1,8,0,0,0,0,0
92,17,1,3,3,0,0,0,0,0
87,17,0,4,5,0,0,0,0,0
15,4,0,1,1,0,1,0,0,0
158,30,22,20,3,0,0,0,0,1
51,12,0,1,1,0,1,0,0,0
50,11,0,2,1,0,0,0,0,0
63,14,0,3,5,0,0,0,0,0
34,6,0,1,1,0,1,0,0,0
160,40,2,4,7,0,1,0,0,0
29,6,0,1,0,0,0,0,0,0
41,9,0,2,1,0,0,0,0,0
68,16,2,3,12,0,0,0,0,0
91,18,1,3,3,0,1,0,0,0
2,1,0,1,0,0,0,0,0,0
66,12,0,2,7,0,0,0,0,0
135,26,0,3,7,2,0,0,0,0
30,6,0,1,1,1,0,0,0,0
145,27,28,4,7,1,0,0,1,1
142,26,25,19,6,0,0,1,1,1
35,7,0,1,0,0,0,0,0,0
35,8,0,2,5,0,0,0,0,0
25,4,0,1,0,0,0,0,0,0
23,5,0,1,1,0,1,0,0,0
32,7,0,1,1,0,0,0,0,0
76,14,0,2,3,0,2,0,0,0
64,11,0,1,3,0,0,0,0,0
133,26,0,2,9,0,0,0,0,0
55,10,0,2,2,1,1,0,0,0
160,27,19,13,7,0,0,0,1,1
124,25,1,2,1,0,0,0,0,0
162,23,26,31,14,1,0,0,2,1
46,8,0,1,7,0,0,0,0,0
120,28,1,3,4,0,0,0,0,0
72,16,0,3,4,0,0,0,0,0
57,13,4,2,5,0,0,0,0,0
53,12,0,1,0,0,0,0,0,0
49,10,0,3,1,0,0,0,0,0
51,11,0,2,1,0,0,0,0,0
29,6,1,1,2,0,0,0,0,0
37,8,0,2,2,0,0,0,0,0
67,12,0,4,8,0,2,0,0,0
41,11,1,1,1,0,1,0,0,0
92,14,0,2,28,0,0,0,0,0
30,6,0,2,2,0,0,0,0,0
68,14,0,2,3,0,0,0,0,0
46,8,0,1,7,0,0,0,0,0
87,18,1,2,2,0,0,0,0,0
95,19,0,3,5,0,0,0,0,0
23,4,0,1,0,0,0,0,0,0
156,25,22,15,4,2,1,0,0,1
34,6,0,3,1,0,0,0,0,0
74,14,14,2,2,0,0,0,0,1
59,10,0,1,5,0,0,0,0,0
158,27,0,36,17,1,0,0,0,0
72,14,0,4,3,0,0,0,0,0
76,14,0,3,4,0,2,0,0,0
65,15,0,2,2,0,0,0,0,0
58,13,1,2,6,0,0,0,0,0
133,25,26,8,5,0,0,0,2,1
14,3,0,1,4,0,0,0,0,0
27,6,0,2,2,0,0,0,0,0
143,31,0,3,7,1,0,0,0,0
53,11,0,2,1,0,0,0,0,0
52,12,0,3,5,0,2,0,0,0
31,5,0,1,1,0,0,0,0,0
39,8,0,1,0,0,0,0,0,0
104,21,12,14,3,1,1,0,1,1
83,19,0,5,6,0,0,0,0,0
34,6,0,1,1,1,0,0,0,0
22,4,0,2,2,0,0,0,0,0
88,15,0,3,8,0,0,0,0,0
61,14,0,2,5,0,0,0,0,0
150,27,0,5,17,0,0,0,0,0
153,24,24,19,5,1,0,0,0,1
123,29,1,4,5,0,0,0,0,0
24,4,0,1,2,0,0,0,0,0
32,3,0,1,4,0,0,0,0,0
22,4,0,2,2,0,0,0,0,0
49,10,0,2,1,0,0,0,0,0
108,24,0,85,0,0,0,0,0,0
119,24,0,15,5,1,1,0,0,0
129,18,20,3,5,0,0,0,0,1
34,9,0,1,3,0,0,0,0,0
38,6,0,1,1,0,1,0,0,0
26,6,0,1,0,0,0,0,0,0
32,8,0,2,0,0,0,0,0,0
150,26,6,114,5,0,0,0,1,0
117,27,0,4,14,0,0,0,0,0
45,9,0,5,2,0,1,0,0,0
55,14,2,2,3,0,0,0,0,0
38,7,0,1,2,0,0,0,0,0
143,28,0,9,7,1,0,0,0,1
80,13,0,1,9,0,0,0,0,0
54,8,0,8,6,0,0,0,0,0
62,11,0,2,2,0,0,0,0,0
52,9,1,2,2,0,0,0,0,0
81,16,2,2,3,0,0,0,0,0
36,6,0,1,0,0,0,0,0,0
431,89,0,8,18,0,0,0,0,0
62,14,0,3,9,0,0,0,0,0
375,68,1,15,19,0,2,0,0,0
158,25,0,17,9,0,0,0,0,0
120,20,19,21,5,2,0,0,2,1
52,6,0,1,7,0,1,0,0,0
137,34,2,4,2,2,0,0,0,0
42,7,0,1,2,0,1,0,0,0
63,14,0,2,2,0,0,0,0,0
22,6,0,1,0,0,0,0,0,0
38,8,2,1,1,0,0,0,0,0
50,10,1,1,3,0,0,0,0,0
83,16,0,2,4,0,0,0,0,0
158,22,14,22,6,0,0,1,1,1
84,17,0,1,1,0,1,0,0,0
39,8,0,2,4,0,1,0,0,0
75,13,0,2,5,1,0,0,0,0
53,12,0,1,1,0,0,0,0,0
94,20,3,1,2,1,0,0,0,0
38,8,1,1,0,0,0,0,0,0
38,7,0,1,1,0,0,0,0,0
75,17,0,1,3,0,1,0,0,0
62,14,0,3,10,0,0,0,0,0
59,12,0,2,6,0,0,0,0,0
23,6,0,18,0,0,0,0,0,0
37,6,0,1,0,0,0,0,0,0
45,7,0,1,2,0,0,0,0,0
51,10,0,1,1,0,0,0,0,0
24,5,0,1,0,0,0,0,0,0
42,10,0,1,1,0,1,0,0,0
123,24,1,2,4,0,0,0,0,0
43,8,0,1,0,0,0,0,0,0
36,7,0,1,2,0,1,0,0,0
46,10,1,1,1,0,0,0,0,0
155,26,16,9,4,1,1,0,0,1
35,10,0,1,2,0,0,0,0,0
59,10,0,3,7,0,0,0,0,0
32,7,0,2,2,0,0,0,0,0
50,12,0,3,2,0,0,0,0,0
27,7,0,1,0,0,0,0,0,0
40,7,1,1,1,0,0,0,0,0
37,8,0,2,2,0,1,0,0,0
84,21,1,2,5,0,0,0,0,0
152,26,21,17,12,2,0,0,0,1
125,30,4,3,10,0,0,0,0,0
45,12,0,1,3,0,0,0,0,0
32,7,0,2,2,0,0,0,0,0
52,10,0,1,2,0,0,0,0,0
39,8,0,1,3,0,0,0,0,0
32,7,0,2,1,0,0,0,0,0
52,11,0,2,2,0,0,0,0,0
40,8,0,3,2,0,0,0,0,0
96,26,0,9,9,5,0,0,0,0
31,5,0,1,1,0,1,0,0,0
159,26,28,30,20,4,0,0,1,1
276,60,0,11,20,1,0,0,0,0
51,10,0,2,3,0,0,0,0,0
26,5,0,2,2,0,0,0,0,0
36,7,0,1,1,0,0,0,0,0
99,19,0,2,2,0,0,0,0,0
161,23,19,66,9,0,0,1,0,1
149,30,4,23,8,1,0,0,0,1
44,6,0,3,4,0,0,0,0,0
23,4,0,1,0,0,0,0,0,0
161,28,23,23,12,1,0,0,0,1
63,12,0,3,9,0,0,0,0,0
60,11,0,2,4,0,0,0,0,0
41,8,0,2,4,0,0,0,0,0
133,28,4,4,3,1,0,0,0,0
30,3,5,10,2,1,0,0,0,1
27,7,0,1,0,0,0,0,0,0
42,9,0,2,2,0,0,0,0,0
40,7,0,2,4,0,0,0,0,0
17,3,0,1,4,0,0,0,0,0
81,15,0,1,5,0,0,0,0,0
38,8,0,2,1,0,0,0,0,0
48,11,0,2,1,0,0,0,0,0
35,8,0,1,1,0,0,0,0,0
137,24,2,4,7,2,2,0,0,0
156,28,16,33,7,3,0,0,1,1
363,72,0,5,23,0,0,0,0,0
40,7,0,1,6,0,0,0,0,0
47,9,0,2,1,0,0,0,0,0
154,31,0,4,6,0,0,0,0,0
161,27,18,24,10,4,0,0,2,1
144,20,34,16,3,1,0,0,0,1
31,6,0,1,2,0,1,0,0,0
11,2,0,1,4,0,0,0,0,0
44,10,0,1,0,0,0,0,0,0
88,18,2,3,5,0,1,0,0,0
159,23,16,24,15,0,0,1,0,1
47,8,0,3,5,0,0,0,0,0
64,15,3,3,3,0,1,0,0,0
24,3,0,1,0,0,0,0,0,0
95,18,0,2,2,0,0,0,0,0
134,25,0,2,2,0,0,0,0,0
23,6,0,1,1,0,1,0,0,0
32,7,0,2,4,0,0,0,0,0
175,38,0,3,7,1,1,0,0,0
155,26,21,18,8,2,0,0,1,1
38,8,0,1,6,0,0,0,0,0
35,7,0,1,0,0,0,0,0,0
147,32,2,3,3,0,0,0,0,0
159,28,23,5,5,0,0,0,2,1
51,10,0,2,4,0,0,0,0,0
161,29,3,18,7,1,0,0,0,1
107,21,0,5,3,1,0,0,0,0
38,8,0,1,2,0,0,0,0,0
60,11,0,2,4,0,0,0,0,0
160,24,14,23,6,0,0,1,1,1
37,9,0,2,2,0,0,0,0,0
157,29,1,2,2,0,0,0,0,0
185,35,0,7,3,1,0,0,0,0
28,6,0,1,1,0,0,0,0,0
7,1,0,5,2,1,0,0,0,1
157,26,0,15,9,0,0,0,0,0
79,14,0,1,3,0,0,0,0,0
40,8,0,1,0,0,0,0,0,0
113,20,0,5,6,0,0,0,0,0
30,7,0,2,2,1,0,0,0,0
42,9,0,1,1,0,0,0,0,0
41,9,0,2,2,0,0,0,0,0
113,17,0,1,7,0,0,0,0,0
137,22,17,14,7,0,0,1,0,1
382,77,0,7,11,0,0,0,0,0
87,16,0,1,2,0,0,0,0,0
49,10,0,1,3,0,0,0,0,0
26,7,0,1,1,1,0,0,0,0
28,6,0,1,1,0,0,0,0,0
26,6,0,1,1,0,0,0,0,0
49,10,0,1,2,0,0,0,0,0
39,9,0,1,1,0,0,0,0,0
38,7,0,2,2,0,0,0,0,0
31,5,0,1,0,0,0,0,0,0
161,30,1,11,6,5,0,0,0,0
154,29,17,16,7,1,0,0,0,1
161,29,3,18,7,1,0,0,0,1
25,5,0,1,1,0,1,0,0,0
154,32,4,3,8,0,0,0,0,0
22,6,0,1,0,0,0,0,0,0
34,6,0,2,3,1,2,0,0,0
45,8,0,2,3,0,0,0,0,0
70,14,0,1,5,0,0,0,0,0
77,14,0,8,0,0,0,0,0,0
32,8,0,1,0,0,0,0,0,0
50,12,1,1,0,0,0,0,0,0
30,6,0,2,2,0,0,0,0,0
113,23,0,9,4,0,1,0,0,0
588,125,2,53,59,5,1,0,0,0
114,21,0,3,3,0,0,0,0,0
147,29,20,18,4,1,0,0,0,1
114,22,1,4,4,0,0,0,0,0
50,9,0,2,1,0,0,0,0,0
141,24,5,8,18,0,0,0,0,0
158,35,0,1,3,2,1,0,0,0
56,9,0,1,2,0,0,0,0,0
29,6,1,1,2,0,0,0,0,0
39,9,0,3,3,0,0,0,0,0
32,5,0,1,1,0,0,0,0,0
37,9,0,2,1,0,0,0,0,0
158,28,28,27,9,0,0,0,2,1
159,22,4,129,5,0,0,0,0,0
29,7,0,2,2,0,0,0,0,0
48,8,0,1,0,0,0,0,0,0
59,12,0,2,3,0,2,0,0,0
29,6,0,2,1,0,1,0,0,0
24,5,0,2,2,0,0,0,0,0
31,7,0,0,2,0,0,0,0,0
37,9,0,1,3,0,1,0,0,0
193,39,0,12,4,0,0,0,0,0
45,7,0,1,6,0,0,0,0,0
154,37,0,6,8,1,3,0,0,0
3,1,0,1,1,0,0,0,0,0
32,9,0,3,1,0,1,0,0,0
131,23,0,2,9,0,0,0,0,0
52,14,0,2,0,0,0,0,0,0
142,23,0,3,3,0,0,0,0,0
104,20,0,2,0,0,0,0,0,0
43,8,0,3,3,0,0,0,0,0
152,24,20,8,6,0,0,0,0,1
73,17,2,2,5,0,1,0,0,0
104,22,5,1,6,0,0,0,0,0
54,10,0,2,2,0,0,0,0,0
108,18,1,3,6,1,0,0,0,0
77,18,0,2,2,0,0,0,0,0
41,9,0,1,0,0,0,0,0,0
130,14,0,23,20,0,0,0,0,0
42,8,0,2,4,0,1,0,0,0
22,6,0,1,0,0,0,0,0,0
30,8,1,2,3,0,1,0,0,0
38,9,0,2,3,0,0,0,0,0
54,9,0,2,10,0,0,0,0,0
54,11,1,17,4,0,0,0,0,0
66,12,0,1,3,0,0,0,0,0
65,14,0,1,4,1,1,0,0,0
93,17,0,6,6,0,0,0,0,0
132,29,0,2,3,0,1,0,0,0
159,26,30,25,9,4,0,0,1,1
112,21,0,2,2,0,0,0,0,0
161,23,26,29,15,2,0,0,2,1
21,4,0,1,1,0,0,0,0,0
68,13,0,1,1,0,0,0,0,0
119,27,1,2,3,2,0,0,0,0
58,12,0,1,2,0,1,0,0,0
60,11,1,2,3,0,0,0,0,0
54,13,0,1,4,0,0,0,0,0
45,5,0,1,8,0,0,0,0,0
66,15,1,3,5,0,1,0,0,0
67,14,0,1,1,0,0,0,0,0
77,17,0,1,6,1,0,0,0,0
156,26,24,8,4,0,0,0,2,1
76,14,0,2,6,0,0,0,0,0
77,15,0,1,0,0,0,0,0,0
175,34,0,5,5,0,0,0,0,0
157,25,17,5,5,0,0,0,1,1
77,15,0,3,12,0,0,0,0,0
102,20,0,3,3,0,2,0,0,0
39,9,0,2,2,0,0,0,0,0
32,6,0,1,4,0,1,0,0,0
30,5,0,1,0,0,0,0,0,0
108,20,0,2,6,0,0,0,0,0
141,30,0,3,11,0,0,0,0,0
130,28,1,2,8,0,0,0,0,0
58,10,0,1,3,0,0,0,0,0
28,6,0,2,0,0,0,0,0,0
77,14,0,3,3,0,1,0,0,0
161,20,3,4,13,2,1,0,0,0
88,17,0,2,2,0,0,0,0,0
127,25,0,2,4,0,0,0,0,0
110,23,0,3,2,0,0,0,0,0
51,10,0,1,6,0,0,0,0,0
30,7,0,3,2,0,0,0,0,0
25,4,0,1,1,0,1,0,0,0
96,20,1,3,8,0,0,0,0,0
64,13,0,4,4,0,0,0,0,0
23,3,0,1,1,0,0,0,0,0
70,15,0,1,1,0,0,0,0,0
181,31,1,4,9,1,1,0,0,1
160,29,23,29,4,1,1,0,1,1
31,7,0,0,3,0,1,0,0,0
157,25,17,5,5,0,0,0,1,1
113,19,0,3,2,0,0,0,0,0
110,23,1,0,6,0,1,0,0,0
36,9,0,1,1,0,1,0,0,0
28,5,0,1,1,0,1,0,0,0
23,5,0,2,2,0,0,0,0,0
155,30,1,5,13,0,0,0,0,0
54,11,0,1,1,0,0,0,0,0
39,8,0,1,1,0,0,0,0,0
154,35,0,11,8,0,0,0,0,0
36,7,0,1,1,0,0,0,0,0
155,28,8,10,4,1,0,0,0,1
64,17,1,1,1,0,1,0,0,0
36,6,0,1,5,0,0,0,0,0
160,33,23,16,3,0,0,0,0,1
71,18,0,2,4,0,0,0,0,0
51,11,0,2,1,0,0,0,0,0
122,20,15,16,7,0,0,1,1,1
17,3,0,2,4,0,1,0,0,0
33,6,11,17,0,0,0,0,0,1
22,6,0,1,0,0,0,0,0,0
26,6,0,1,1,0,1,0,0,0
144,26,0,1,2,0,0,0,0,0
63,12,1,3,5,0,1,0,0,0
22,5,0,2,1,0,0,0,0,0
89,20,0,3,2,0,1,0,0,0
42,9,0,4,2,1,1,0,0,0
28,5,0,1,4,0,0,0,0,0
135,26,0,7,8,2,2,0,0,0
78,10,7,4,15,0,0,0,2,0
33,6,0,2,2,0,0,0,0,0
27,6,0,2,1,0,1,0,0,0
52,11,0,2,3,0,0,0,0,0
29,5,0,1,0,0,0,0,0,0
33,7,0,1,3,0,0,0,0,0
23,4,0,1,2,1,0,0,0,0
85,18,0,2,2,0,0,0,0,0
101,23,0,3,2,0,0,0,0,0
110,25,1,3,2,0,0,0,0,0
27,5,0,1,0,0,0,0,0,0
159,26,15,12,3,0,1,0,0,1
58,14,2,40,3,0,1,0,0,0
44,11,0,2,0,0,0,0,0,0
26,5,0,0,5,1,0,0,0,0
91,17,1,3,3,0,0,0,0,0
48,8,12,2,2,0,0,0,0,1
125,30,0,94,2,0,0,0,0,0
183,30,22,10,6,0,0,0,0,1
25,5,0,1,3,0,1,0,0,0
69,13,0,3,1,0,0,0,0,0
160,27,24,12,12,4,0,0,0,1
72,15,0,3,4,0,1,0,0,0
48,8,0,1,9,0,1,0,0,0
28,8,0,1,0,0,0,0,0,0
66,13,0,2,6,0,1,0,0,0
127,29,1,26,2,0,0,0,0,0
62,13,0,2,1,0,0,0,0,0
26,4,0,1,2,0,0,0,0,0
147,26,19,16,8,0,0,1,2,1
162,30,23,18,6,0,1,0,2,1
78,14,2,2,3,0,1,0,0,0
150,28,16,18,7,0,0,0,0,1
158,26,18,14,10,2,0,0,1,1
114,15,1,10,9,0,0,0,0,1
23,6,0,1,1,0,0,0,0,0
85,17,0,1,1,0,0,0,0,0
34,5,0,1,2,0,0,0,0,0
41,9,0,2,3,0,0,0,0,0
134,26,0,3,11,0,0,0,0,0
25,6,0,1,2,0,0,0,0,0
30,7,0,1,1,0,0,0,0,0
45,9,0,1,2,0,0,0,0,0
5,1,0,1,3,0,0,0,0,0
23,5,0,2,1,0,1,0,0,0
93,18,0,6,5,0,0,0,0,0
7,2,0,1,1,0,0,0,0,0
24,4,0,1,1,0,0,0,0,0
129,25,0,10,11,0,0,0,0,0
167,27,28,23,23,4,0,0,1,1
45,8,0,2,4,0,0,0,0,0
65,13,0,2,2,0,0,0,0,0
48,8,0,3,5,0,1,0,0,0
18,5,0,1,0,0,0,0,0,0
24,5,0,2,1,0,0,0,0,0
33,7,0,1,0,0,0,0,0,0
25,5,0,2,1,0,1,0,0,0
51,12,0,3,0,0,0,0,0,0
92,15,0,7,2,2,0,0,0,0
69,13,0,5,5,0,0,0,0,0
25,6,0,1,1,0,0,0,0,0
108,20,0,4,3,0,0,0,0,0
51,9,0,1,3,0,0,0,0,0
65,14,0,2,1,0,0,0,0,0
160,24,16,22,6,0,0,0,0,1
141,24,5,8,18,0,0,0,0,0
7,1,0,1,3,0,0,0,0,0
41,11,2,1,2,0,1,0,0,0
67,12,0,1,5,0,0,0,0,0
30,6,0,1,1,0,0,0,0,0
37,4,0,1,0,0,0,0,0,0
47,10,0,1,2,0,0,0,0,0
36,9,0,1,0,0,0,0,0,0
119,24,12,5,4,0,0,0,1,1
29,6,0,2,2,0,1,0,0,0
82,13,11,5,1,0,0,0,0,1
36,7,0,1,6,0,1,0,0,0
281,62,0,16,15,4,3,0,0,0
27,4,0,1,3,0,0,0,0,0
52,9,0,2,1,0,0,0,0,0
66,12,0,1,1,0,0,0,0,0
149,28,18,11,3,0,0,0,0,1
121,24,0,4,5,0,0,0,0,0
56,12,0,3,4,0,0,0,0,0
92,19,1,3,3,0,1,0,0,0
162,30,8,23,5,1,0,0,1,1
66,15,0,1,0,0,0,0,0,0
43,9,0,1,1,0,0,0,0,0
158,32,21,20,3,0,0,0,0,1
127,24,4,3,6,1,0,0,0,0
43,11,1,1,1,0,0,0,0,0
446,96,4,14,21,0,1,0,0,0
101,24,0,5,3,0,2,0,0,0
88,15,0,3,5,0,0,0,0,0
103,20,1,3,6,0,1,0,0,0
158,28,17,21,5,1,0,0,1,1
24,5,0,1,3,0,0,0,0,0
95,20,3,47,4,4,0,0,0,0
74,18,1,2,3,0,0,0,0,0
109,22,8,12,5,2,0,0,0,1
158,28,0,4,10,0,0,1,0,0
482,98,0,8,15,0,0,0,1,0
53,14,1,1,2,0,0,0,0,0
119,27,0,7,8,0,0,0,0,0
31,6,0,1,0,0,0,0,0,0
22,4,0,1,1,1,0,0,0,0
22,4,0,2,2,0,0,0,0,0
161,27,17,7,3,1,0,0,0,1
38,4,0,1,5,0,1,0,0,0
22,4,0,1,1,0,0,0,0,0
89,13,0,12,5,0,0,0,0,0
66,13,0,3,7,0,1,0,0,0
191,37,0,3,7,0,0,0,0,0
27,7,0,20,1,0,1,0,0,0
67,14,0,2,3,0,0,0,0,0
103,20,0,3,5,1,0,0,0,0
96,21,0,2,10,0,0,0,0,0
38,9,0,3,8,0,0,0,0,0
40,7,0,1,4,0,0,0,0,0
25,5,0,1,3,0,1,0,0,0
24,5,0,19,1,0,1,0,0,0
26,5,0,3,7,0,1,0,0,0
39,9,0,6,3,1,1,0,0,0
152,33,2,12,7,2,0,0,0,1
54,11,0,3,9,0,0,0,0,0
73,13,0,2,1,0,0,0,0,0
80,19,2,2,1,0,0,0,0,0
21,3,0,2,4,0,0,0,0,0
148,29,2,21,13,5,0,0,0,0
444,71,11,44,42,0,1,0,0,0
41,9,0,1,0,0,0,0,0,0
99,22,0,5,5,1,0,0,0,0
34,7,1,4,9,0,0,0,0,0
27,6,0,2,1,0,0,0,0,0
158,28,16,20,13,1,0,0,0,1
116,23,0,4,4,0,0,0,0,0
24,6,0,1,1,0,0,0,0,0
75,13,0,2,6,0,0,0,0,0
47,11,0,3,2,0,1,0,0,0
80,18,0,3,9,0,0,0,0,0
115,11,0,8,7,0,0,0,0,0
152,22,18,18,3,0,0,1,0,1
52,9,0,2,6,0,0,0,0,0
83,18,1,4,8,0,0,0,0,0
41,9,0,2,1,0,0,0,0,0
22,5,0,1,3,0,0,0,0,0
46,10,0,1,3,0,0,0,0,0
57,12,0,5,10,6,0,0,0,0
158,27,23,10,7,2,0,0,1,1
45,10,0,1,5,0,0,0,0,0
67,13,0,2,4,0,0,0,0,0
152,30,2,20,7,0,1,1,0,1
26,5,0,1,0,0,0,0,0,0
100,18,0,6,6,0,0,0,0,0
53,10,0,3,7,0,0,0,0,0
629,109,1,25,52,0,0,0,0,0
235,46,1,9,9,0,0,0,0,0
26,7,0,2,3,0,0,0,0,0
114,24,1,1,0,0,0,0,0,0
122,18,23,11,12,0,0,1,1,1
44,11,1,2,4,0,0,0,0,0
78,15,4,2,4,0,0,0,0,0
51,11,0,2,3,0,0,0,0,0
81,17,0,3,2,1,0,0,0,0
28,6,0,1,0,0,0,0,0,0
85,13,0,0,6,0,0,0,0,0
46,10,0,2,3,2,0,0,0,0
183,35,0,3,7,0,0,0,0,0
22,4,0,2,2,0,0,0,0,0
109,24,0,7,9,0,0,0,0,0
28,7,0,1,7,0,1,0,0,0
25,5,0,1,1,0,1,0,0,0
23,4,0,1,3,0,0,0,0,0
74,14,0,1,4,0,0,0,0,0
50,11,0,3,4,0,1,0,0,0
28,5,0,2,2,0,0,0,0,0
44,11,2,2,2,0,1,0,0,0
88,18,0,3,4,0,1,0,0,0
25,5,0,2,2,0,0,0,0,0
29,5,0,1,4,0,1,0,0,0
39,9,0,3,3,0,0,0,0,0
46,9,0,2,2,0,0,0,0,0
64,13,0,0,3,0,0,0,0,0
15,2,0,1,3,0,0,0,0,0
126,20,0,2,8,0,0,0,0,0
105,22,0,4,16,0,2,0,0,0
49,10,0,1,3,0,0,0,0,0
30,7,0,1,3,0,0,0,0,0
23,4,0,1,4,0,0,0,0,0
84,16,0,1,2,0,1,0,0,0
67,14,0,2,3,0,0,0,0,0
14,5,0,1,1,0,0,0,0,0
68,14,3,3,9,0,0,0,0,0
37,7,0,0,2,0,0,0,0,0
161,27,18,24,10,4,0,0,2,1
26,6,0,2,1,0,1,0,0,0
84,15,0,2,8,1,0,0,0,0
29,8,0,1,0,0,0,0,0,0
22,7,0,0,0,0,0,0,0,0
201,39,0,5,9,0,0,0,0,0
137,31,0,3,4,0,1,0,0,0
116,22,4,15,2,0,0,0,0,1
168,27,26,20,8,1,0,0,1,1
33,5,0,1,7,0,0,0,0,0
101,19,0,3,4,3,0,0,0,0
45,9,0,1,0,0,0,0,0,0
124,28,0,6,3,0,0,0,0,0
84,16,0,2,4,0,0,0,0,0
42,9,0,1,0,0,0,0,0,0
78,18,0,2,3,0,0,0,0,0
70,15,0,2,2,0,0,0,0,0
121,24,1,4,7,0,1,0,0,0
81,16,0,4,7,0,0,0,0,0
42,6,0,2,3,1,0,0,0,0
245,45,0,15,6,0,0,0,0,0
66,12,0,1,0,0,0,0,0,0
139,29,0,3,2,0,1,0,0,0
150,24,24,15,5,2,0,0,1,1
167,19,0,18,16,0,0,0,0,0
51,12,0,2,3,0,0,0,0,0
55,11,1,2,7,0,0,0,0,0
31,6,0,2,4,0,0,0,0,0
36,7,0,1,0,0,0,0,0,0
28,5,0,1,4,0,0,0,0,0
306,62,0,11,15,1,12,0,0,0
202,40,0,3,2,0,0,0,0,0
160,34,0,4,10,1,0,0,0,0
36,6,0,1,3,0,1,0,0,0
20,4,0,1,1,0,1,0,0,0
6,1,0,1,3,0,0,0,0,0
5,1,0,1,3,0,0,0,0,0
150,32,5,6,10,0,3,0,0,0
74,13,0,3,7,0,0,0,0,0
19,4,0,2,2,0,1,0,0,0
153,31,1,3,7,0,1,0,0,0
158,32,17,21,5,0,0,0,0,1
45,8,0,8,5,0,0,0,0,0
54,11,0,2,2,1,0,0,0,0
22,4,0,1,4,0,0,0,0,0
22,4,0,2,2,0,0,0,0,0
67,13,0,10,4,0,0,0,0,0
42,11,0,3,3,0,1,0,0,0
179,33,0,4,4,0,0,0,0,0
22,4,0,2,2,0,0,0,0,0
82,20,1,5,6,0,0,0,0,0
22,4,0,2,2,0,0,0,0,0
100,18,10,13,6,0,0,1,1,1
163,29,0,47,15,0,1,0,0,0
46,10,2,1,1,0,1,0,0,0
158,35,0,6,7,1,0,0,0,0
32,6,0,0,6,0,0,0,0,0
71,16,0,3,2,0,1,0,0,0
34,7,0,1,1,0,0,0,0,0
104,17,0,2,2,0,0,0,0,0
9,2,0,1,3,0,0,0,0,0
95,20,2,1,4,0,0,0,0,0
29,8,0,2,2,0,0,0,0,0
155,29,0,3,5,0,1,0,0,0
24,6,0,1,0,0,0,0,0,0
41,10,0,1,4,0,0,0,0,0
106,18,1,1,1,0,0,0,0,0
32,4,0,1,3,0,1,0,0,0
112,22,2,2,3,1,0,0,0,0
47,11,0,3,4,0,0,0,0,0
28,6,0,2,1,0,0,0,0,0
30,5,0,1,0,0,0,0,0,0
289,54,4,31,19,0,0,0,0,0
80,17,0,1,0,0,0,0,0,0
70,11,0,1,3,0,0,0,0,0
101,11,15,3,10,0,0,1,0,1
122,24,0,1,2,1,0,0,0,0
59,12,0,2,3,0,0,0,0,0
58,10,0,1,8,0,0,0,0,0
21,5,0,3,3,0,0,0,0,0
27,6,0,2,2,0,0,0,0,0
35,8,0,1,2,0,0,0,0,0
31,7,2,1,4,0,0,0,0,0
156,24,19,34,8,1,1,0,0,1
66,14,0,3,5,0,2,0,0,0
70,15,0,5,1,0,0,0,0,1
65,12,0,1,1,0,0,0,0,0
95,22,1,4,7,0,0,0,0,0
32,6,0,1,1,0,0,0,0,0
23,4,0,1,0,0,0,0,0,0
36,8,1,3,3,0,1,0,0,0
55,8,0,1,8,0,1,0,0,0
140,29,1,4,11,0,0,0,0,0
144,31,0,8,7,0,0,0,0,0
30,8,0,2,1,0,1,0,0,0
28,6,0,1,0,0,0,0,0,0
83,18,0,3,4,0,0,0,0,0
40,6,0,1,1,0,0,0,0,0
32,8,2,1,1,0,0,0,0,0
61,11,0,0,9,1,0,0,0,0
116,24,0,1,1,0,0,0,0,0
160,26,21,6,9,1,0,0,0,1
153,30,3,18,2,1,0,0,0,1
36,7,0,1,1,1,0,0,0,0
36,9,1,1,2,0,0,0,0,0
37,7,0,2,2,0,2,0,0,0
54,10,1,2,2,0,0,0,0,0
46,8,0,2,6,0,0,0,0,0
134,25,17,12,3,0,0,0,1,1
65,11,0,1,3,0,0,0,0,0
131,27,13,36,7,4,0,0,1,1
37,7,1,1,2,0,0,0,0,0
39,10,0,2,1,0,0,0,0,0
44,9,0,1,0,0,0,0,0,0
82,15,0,1,2,0,0,0,0,0
23,6,0,1,1,0,0,0,0,0
155,27,0,1,6,0,0,0,0,0
153,25,11,17,9,2,0,0,0,1
153,32,1,6,6,0,1,0,0,0
44,8,0,1,3,0,0,0,0,0
117,25,0,1,12,0,1,0,1,0
55,12,1,1,3,0,0,0,0,0
126,26,0,1,6,1,0,0,0,0
137,26,8,15,6,1,1,0,1,1
109,25,0,1,11,0,0,0,0,0
65,13,0,2,9,0,0,0,0,0
16,2,0,2,6,0,0,0,0,0
50,11,0,3,3,0,0,0,0,0
46,7,0,1,9,0,0,0,0,0
4,1,0,1,0,0,0,0,0,0
34,7,0,1,0,0,0,0,0,0
95,18,4,1,3,1,1,0,0,0
57,13,0,1,0,0,0,0,0,0
132,28,2,98,5,1,0,0,0,0
56,15,1,39,2,0,0,0,0,0
62,12,0,2,7,2,0,0,0,0
25,6,0,1,1,0,1,0,0,0
38,6,0,1,2,0,0,0,0,0
46,7,0,1,9,0,0,0,0,0
156,28,15,7,8,0,0,1,2,1
32,6,0,3,6,0,0,0,0,0
49,7,0,1,2,0,0,0,0,0
243,52,0,4,7,0,0,0,0,0
42,8,2,1,7,0,0,0,0,0
41,11,0,1,1,0,0,0,0,0
51,11,0,2,1,0,0,0,0,0
81,11,7,2,11,3,0,0,2,0
173,27,24,9,6,0,0,0,0,1
9,2,0,1,1,0,1,0,0,0
136,28,0,5,6,1,2,0,0,0
9,2,0,1,3,0,0,0,0,0
25,5,1,1,2,0,0,0,0,0
27,5,0,1,7,0,0,0,0,0
107,18,21,19,8,0,0,0,1,1
45,7,0,2,2,0,0,0,0,0
115,21,0,3,3,0,0,0,0,0
65,12,0,3,10,0,1,0,0,0
139,34,1,5,7,2,1,0,0,0
28,6,0,2,2,1,0,0,0,0
154,26,31,30,9,4,0,0,1,1
30,7,0,15,1,0,0,0,0,0
53,11,0,3,3,0,0,0,0,0
59,12,0,1,2,0,0,0,0,0
44,7,0,1,2,0,0,0,0,0
26,6,0,1,1,1,0,0,0,0
85,18,0,3,2,0,0,0,0,0
23,5,0,1,0,0,0,0,0,0
27,7,0,1,0,0,0,0,0,0
47,7,1,1,3,0,0,0,0,0
147,25,18,25,7,2,0,0,1,1
49,11,0,3,3,1,0,0,0,0
126,25,0,17,5,1,0,0,0,0
32,7,0,1,1,0,0,0,0,0
22,4,0,2,2,0,0,0,0,0
107,18,0,2,5,0,0,0,0,0
46,7,0,2,9,2,0,0,0,0
96,19,0,3,10,0,0,0,0,0
157,31,0,2,3,0,0,0,0,0
50,10,0,1,1,0,1,0,0,0
63,12,0,1,3,0,0,0,0,0
29,6,0,1,1,0,0,0,0,0
87,16,0,1,7,0,0,0,0,0
27,4,0,1,3,0,0,0,0,0
33,8,0,2,2,2,0,0,0,0
33,6,0,2,2,0,1,0,0,0
27,4,0,1,6,0,0,0,0,0
26,5,0,1,3,0,1,0,0,0
5,1,0,1,3,0,0,0,0,0
33,6,0,1,1,0,1,0,0,0
34,8,0,1,1,0,1,0,0,0
130,29,0,2,3,0,2,0,0,1
165,32,23,18,6,1,0,1,0,1
29,6,0,1,0,0,0,0,0,0
30,8,0,1,1,0,1,0,0,0
140,27,0,3,11,1,1,0,0,0
34,6,0,2,6,0,0,0,0,0
163,28,11,15,10,1,2,0,1,1
130,25,11,0,0,0,0,0,0,1
117,21,0,4,6,0,0,0,0,0
45,8,0,2,8,0,0,0,0,0
27,4,0,1,3,0,0,0,0,0
153,30,0,8,10,0,5,0,0,0
41,10,1,2,2,1,0,0,0,0
136,30,0,6,22,11,1,0,0,0
56,12,0,1,3,1,0,0,0,0
64,13,0,2,2,0,0,0,0,0
50,11,1,1,0,0,0,0,0,0
136,20,3,14,14,0,0,0,0,1
444,71,11,44,42,0,1,0,0,0
27,6,0,1,4,0,0,0,0,0
106,27,0,3,6,0,0,0,0,0
66,12,0,4,6,0,0,0,0,0
53,9,1,2,7,0,0,0,0,0
158,28,18,24,6,1,0,0,1,1
88,16,0,1,11,0,0,0,0,0
4,1,0,1,0,0,0,0,0,0
54,11,0,2,2,0,0,0,0,0
56,12,0,1,8,0,0,0,0,0
152,28,23,24,7,0,0,1,0,1
27,7,3,1,1,0,1,0,0,0
158,29,24,24,5,1,0,0,0,1
95,21,0,2,4,0,1,0,0,0
95,22,0,6,11,1,1,0,0,0
52,12,0,1,1,0,0,0,0,0
80,16,1,2,7,0,0,0,0,0
62,12,0,1,1,0,1,0,0,0
25,5,7,13,1,0,0,0,1,1
73,15,0,2,1,0,0,0,0,0
165,38,2,22,13,1,0,0,0,0
169,34,0,4,9,2,0,0,0,0
57,11,0,1,2,0,1,0,0,0
56,11,1,2,4,0,0,0,0,0
156,29,7,16,6,1,1,0,0,1
113,26,0,1,1,0,0,0,0,0
50,10,0,2,2,0,0,0,0,0
160,29,14,35,5,2,0,0,0,1
23,5,0,4,2,0,0,0,0,0
24,6,0,1,1,0,0,0,0,0
118,16,20,2,5,0,0,0,0,1
179,34,0,3,11,1,0,0,0,0
101,23,0,2,1,0,1,0,0,0
54,10,0,2,7,0,0,0,0,0
96,19,0,3,5,0,1,0,0,0
59,11,0,2,8,1,0,0,0,0
166,22,0,4,14,0,1,0,0,0
14,2,0,2,4,0,0,0,0,0
135,25,11,14,3,1,0,0,0,1
46,11,0,2,2,0,1,0,0,0
9,2,0,1,3,0,0,0,0,0
46,6,0,1,4,0,0,0,0,0
84,16,0,1,2,1,0,0,0,0
71,14,0,3,4,0,0,0,0,0
20,4,0,3,6,0,0,0,0,0
44,8,0,2,2,0,0,0,0,0
46,11,0,1,0,0,0,0,0,0
35,7,0,2,1,0,0,0,0,0
154,24,25,14,11,0,0,0,1,1
166,27,23,21,7,1,0,0,1,1
28,6,0,2,3,0,1,0,0,0
53,10,0,1,1,0,0,0,0,0
82,17,0,3,5,0,0,0,0,0
26,7,0,2,1,0,1,0,0,0
48,11,0,1,1,0,1,0,0,0
29,6,0,1,1,0,1,0,0,0
41,8,0,2,2,0,1,0,0,0
99,23,0,4,2,0,0,0,0,0
55,12,0,1,6,0,0,0,0,0
22,5,0,1,0,0,0,0,0,0
15,2,0,2,4,0,0,0,0,0
158,28,16,20,13,1,0,0,0,1
119,25,0,2,3,1,0,0,0,0
154,32,0,3,3,0,0,0,0,0
25,5,0,2,5,0,0,0,0,0
29,6,1,2,2,0,1,0,0,0
29,6,0,1,3,0,1,0,0,0
28,5,0,1,2,0,0,0,0,0
89,18,0,1,0,0,0,0,0,0
56,12,0,4,4,0,0,0,0,0
53,14,2,1,1,0,0,0,0,0
37,9,1,2,2,0,2,0,0,0
25,4,0,2,4,0,1,0,0,0
129,26,0,2,2,0,0,0,0,0
69,15,0,4,3,0,0,0,0,0
21,4,0,1,1,0,0,0,0,0
89,18,0,3,3,0,0,0,0,0
37,8,0,1,0,0,0,0,0,0
39,9,1,2,3,0,0,0,0,0
102,20,0,5,14,0,1,0,0,0
42,9,0,1,0,0,0,0,0,0
63,15,0,2,3,0,0,0,0,0
50,10,0,3,3,0,0,0,0,0
163,29,0,47,15,0,1,0,0,0
200,39,0,4,5,1,0,0,0,0
40,7,0,0,0,0,0,0,0,0
155,27,12,18,2,1,0,0,0,1
38,7,0,2,2,1,0,0,0,0
26,8,0,1,0,0,0,0,0,0
141,29,2,11,3,0,1,0,0,1
29,6,0,2,1,0,0,0,0,0
16,4,0,1,1,0,1,0,0,0
23,4,0,1,0,0,0,0,0,0
124,27,0,1,1,0,1,0,0,1
46,8,0,1,7,0,0,0,0,0
31,5,0,1,1,0,1,0,0,0
28,6,0,1,0,0,0,0,0,0
118,22,0,4,4,0,0,0,0,0
124,19,23,13,11,0,0,1,1,1
29,6,0,2,3,0,0,0,0,0
63,16,1,3,2,0,0,0,0,0
106,18,0,4,3,0,0,0,0,0
121,26,0,2,3,0,0,0,0,0
44,9,1,1,3,0,0,0,0,0
22,5,0,1,2,0,1,0,0,0
22,4,0,1,0,0,0,0,0,0
116,23,0,3,7,0,0,0,0,0
78,15,1,2,4,0,1,0,0,0
59,15,0,2,2,0,0,0,0,0
43,8,0,2,4,0,0,0,0,0
131,21,31,22,9,0,0,0,3,1
118,29,0,2,7,0,1,0,0,0
57,12,0,1,1,0,0,0,0,0
45,9,0,2,2,0,1,0,0,0
142,22,0,11,19,0,0,0,0,0
32,8,0,2,4,0,1,0,0,0
69,13,0,5,5,0,0,0,0,0
79,17,0,2,0,0,0,0,0,0
149,24,0,3,3,0,0,0,0,0
63,13,0,2,4,0,0,0,0,0
155,22,0,4,13,0,0,0,0,0
29,6,0,1,1,0,0,0,0,0
145,30,0,1,5,0,0,0,0,0
33,4,0,19,2,1,0,0,0,1
22,4,0,1,4,0,0,0,0,0
32,8,0,1,1,0,0,0,0,0
10,3,0,1,1,0,1,0,0,0
157,27,13,13,4,2,1,0,0,1
61,12,0,2,4,1,0,0,0,0
57,13,1,3,2,0,0,0,0,0
36,9,0,1,0,0,0,0,0,0
52,10,0,2,1,0,0,0,0,0
163,29,0,47,15,0,1,0,0,0
133,27,0,1,4,0,0,0,0,0
55,10,0,1,3,0,0,0,0,0
57,12,1,2,2,0,0,0,0,0
68,13,0,3,4,0,0,0,0,0
160,25,17,62,7,0,0,0,0,1
123,28,1,4,12,0,0,0,0,0
111,21,0,2,9,0,0,0,0,0
137,22,10,14,4,0,0,0,0,1
37,6,0,1,3,0,1,0,0,0
152,26,0,8,2,0,0,0,0,1
74,18,1,2,6,0,0,0,0,0
47,11,0,2,4,0,0,0,0,0
158,27,18,14,9,1,0,0,1,1
9,2,0,1,3,0,0,0,0,0
149,32,0,2,5,2,0,0,0,0
44,8,0,1,1,0,0,0,0,0
160,32,31,40,4,1,0,0,0,1
23,4,0,1,0,0,0,0,0,0
26,5,1,1,3,0,0,0,0,0
35,7,0,2,2,1,0,0,0,0
111,18,32,27,4,0,0,0,1,1
29,6,0,1,1,0,1,0,0,0
131,21,0,4,11,0,0,0,0,0
28,4,0,1,3,0,1,0,0,0
23,5,1,0,2,0,0,0,0,0
52,10,0,2,0,0,0,0,0,0
53,10,0,1,3,0,0,0,0,0
131,29,0,10,26,10,0,0,0,0
11,2,0,1,3,0,0,0,0,0
27,4,0,0,4,0,0,0,0,0
88,17,0,3,6,0,1,0,0,0
166,36,2,9,7,0,0,0,0,0
42,10,0,2,1,0,0,0,0,0
32,7,0,1,1,0,1,0,0,0
157,27,11,15,12,4,0,0,0,1
588,125,2,53,59,5,1,0,0,0
151,32,23,48,3,0,0,0,0,1
74,16,0,4,5,0,1,0,0,0
39,7,0,1,1,0,1,0,0,0
26,5,0,0,1,0,1,0,0,0
57,12,1,1,3,0,0,0,0,0
54,10,0,4,7,1,0,0,0,0
94,20,0,3,4,0,0,0,0,0
276,61,0,33,19,2,0,0,0,0
81,17,0,3,9,0,1,0,0,0
160,33,1,5,1,0,0,0,0,0
151,29,0,7,9,1,1,0,0,0
60,16,0,1,0,0,0,0,0,0
51,12,0,1,0,0,0,0,0,0
52,10,2,3,0,0,0,0,0,1
137,29,0,4,14,1,1,0,0,0
104,19,0,4,3,0,0,0,0,0
75,16,0,1,2,0,0,0,0,0
29,5,0,1,2,0,0,0,0,0
142,29,0,3,5,0,0,0,0,0
40,6,0,1,6,0,0,0,0,0
166,22,0,4,14,0,1,0,0,0
152,32,23,48,4,0,0,0,0,1
130,30,1,4,4,0,1,0,0,0
14,3,0,1,1,1,0,0,0,0
31,5,0,1,1,0,0,0,0,0
52,11,0,2,2,0,0,0,0,0
234,43,0,4,10,0,0,0,0,0
50,10,0,1,2,0,0,0,0,0
103,22,0,0,0,0,0,0,0,0
140,29,12,27,4,0,1,0,0,1
25,5,0,1,1,0,1,0,0,0
154,26,18,25,11,4,0,0,2,1
49,9,0,3,2,0,0,0,0,0
47,9,0,3,2,0,0,0,0,0
27,5,0,1,1,0,1,0,0,0
77,12,0,1,5,0,0,0,0,0
28,5,0,1,2,0,1,0,0,0
34,8,0,2,2,1,1,0,0,0
22,6,0,2,1,0,0,0,0,0
95,20,0,3,4,0,1,0,0,0
22,5,0,1,0,0,0,0,0,0
54,9,0,1,5,0,0,0,0,0
67,14,0,3,3,0,0,0,0,0
73,16,2,3,6,0,2,0,0,0
56,13,0,2,2,0,0,0,0,0
32,6,0,1,7,0,0,0,0,0
25,5,0,1,0,0,0,0,0,0
163,24,17,19,9,2,0,0,0,1
66,11,0,1,2,0,1,0,0,0
43,11,1,1,1,0,0,0,0,0
121,26,2,3,4,0,1,0,0,0
55,9,0,8,6,0,0,0,0,0
139,24,28,16,8,0,0,0,0,1
126,25,0,2,8,0,0,0,0,0
27,7,0,2,2,0,0,0,0,0
141,35,2,105,0,0,0,0,0,0
111,21,0,3,6,0,0,0,0,0
109,16,0,14,25,1,0,0,0,0
6,1,0,6,0,0,0,0,0,0
142,27,0,3,3,0,0,0,0,0
137,22,21,22,5,1,0,0,1,1
46,11,0,1,1,0,0,0,0,0
32,5,0,2,2,0,0,0,0,0
89,17,0,2,7,0,0,0,0,0
64,10,0,8,5,0,0,0,0,0
148,28,3,19,4,1,0,0,0,1
77,16,1,3,9,0,0,0,0,0
47,10,0,2,1,0,1,0,0,0
42,9,0,3,4,0,0,0,0,0
29,4,0,1,8,0,0,0,0,0
37,10,0,1,1,0,1,0,0,0
86,19,2,5,4,2,0,0,0,0
47,9,0,1,2,0,1,0,0,0
33,8,0,2,3,0,0,0,0,0
23,4,0,1,1,0,0,0,0,0
67,13,0,1,3,0,0,0,0,0
32,7,0,1,1,0,0,0,0,0
31,6,0,2,1,0,0,0,0,0
25,5,0,2,6,0,0,0,0,0
11,1,0,1,3,0,0,0,0,0
129,25,0,5,2,0,1,0,0,0
33,6,0,2,3,0,2,0,0,0
30,6,0,2,10,0,0,0,0,0
183,28,14,5,42,0,5,0,0,0
156,32,1,2,7,0,1,0,0,0
47,11,3,2,3,0,0,0,0,0
32,8,0,1,1,0,0,0,0,0
135,27,0,7,10,1,1,0,0,0
101,18,0,3,3,0,0,0,0,0
59,10,0,2,4,0,0,0,0,0
43,9,0,2,1,0,0,0,0,0
48,8,12,2,2,0,0,0,0,1
95,22,1,3,3,0,0,0,0,0
141,29,1,4,8,1,0,0,0,0
38,4,0,1,5,0,1,0,0,0
100,15,11,2,2,0,0,0,0,1
327,70,0,5,14,0,1,0,0,0
29,7,2,0,3,2,1,0,0,0
36,7,0,2,2,0,0,0,0,0
87,21,1,1,4,0,0,0,0,0
35,7,0,0,2,0,0,0,0,0
62,15,0,3,7,0,1,0,0,0
32,8,0,1,1,0,0,0,0,0
24,5,0,1,3,0,0,0,0,0
120,20,21,14,7,2,0,0,1,1
112,22,0,3,4,0,0,0,0,0
57,12,1,1,1,0,0,0,0,0
26,5,0,1,0,0,0,0,0,0
110,19,0,4,5,0,0,0,0,0
147,27,25,24,6,0,0,0,0,1
147,33,0,8,9,1,6,0,0,0
32,7,0,1,1,0,0,0,0,0
151,30,1,2,6,0,0,0,0,0
40,3,0,36,2,2,0,0,0,0
30,7,0,1,1,0,0,0,0,0
135,25,0,1,3,0,1,0,0,1
94,14,0,1,7,0,0,0,0,0
28,6,0,1,4,0,1,0,0,0
164,22,0,17,25,0,0,0,0,0
38,4,0,1,5,0,0,0,0,0
46,10,0,2,1,0,0,0,0,0
23,6,0,1,0,0,0,0,0,0
316,57,2,9,23,0,0,0,0,0
65,16,0,2,2,1,0,0,0,0
24,4,0,4,1,1,0,0,0,0
42,9,0,1,2,0,0,0,0,0
45,8,0,1,4,1,0,0,0,0
54,15,1,3,0,0,0,0,0,0
26,6,0,1,2,0,1,0,0,0
60,12,1,3,7,0,1,0,0,0
159,25,19,24,8,2,0,0,0,1
141,33,1,4,7,0,2,0,0,0
151,30,8,20,5,0,0,0,0,0
35,7,0,3,3,0,1,0,0,0
32,7,0,1,0,0,0,0,0,0
142,29,1,5,3,2,0,0,0,0
60,14,0,4,7,0,1,0,0,0
107,19,8,10,3,1,1,0,1,1
96,23,0,4,5,0,2,0,0,0
30,6,0,1,1,0,1,0,0,0
147,31,15,21,6,2,0,0,0,1
126,24,0,2,7,0,0,0,0,0
122,24,23,29,1,0,0,0,0,1
41,7,0,1,8,0,1,0,0,0
30,7,0,1,2,0,0,0,0,0
157,30,0,2,3,0,0,0,0,0
71,13,0,3,3,0,1,0,0,0
112,21,0,1,1,0,0,0,0,0
43,7,0,1,4,0,0,0,0,0
14,3,1,2,0,0,0,0,0,0
49,9,0,1,1,0,0,0,0,0
47,8,0,1,0,0,0,0,0,0
134,23,5,9,7,1,0,0,0,1
42,7,0,2,3,0,0,0,0,0
26,7,0,1,0,0,0,0,0,0
111,18,32,27,4,0,0,0,1,1
23,6,0,1,1,0,1,0,0,0
30,6,0,1,1,0,0,0,0,0
108,25,0,3,3,1,0,0,0,0
164,28,19,9,11,0,1,0,2,1
110,14,19,11,7,0,0,0,0,1
119,19,0,16,16,0,1,0,0,0
37,6,0,1,5,0,1,0,0,0
74,14,0,2,4,0,0,0,0,0
152,30,11,36,3,0,0,0,0,1
46,12,1,2,2,0,0,0,0,0
50,9,0,0,6,0,0,0,0,0
461,66,1,78,27,0,0,0,0,0
127,21,0,2,3,0,0,0,0,0
44,9,0,1,1,0,0,0,0,0
34,9,1,1,1,0,1,0,0,0
72,15,0,2,2,0,0,0,0,0
30,7,0,1,1,0,0,0,0,0
27,6,0,1,0,0,0,0,0,0
48,11,0,2,2,0,0,0,0,0
90,20,0,2,1,0,0,0,0,0
50,8,0,1,4,0,0,0,0,0
47,9,0,2,2,0,1,0,0,0
22,5,0,1,1,0,1,0,0,0
41,8,0,1,1,0,0,0,0,0
37,8,0,1,3,0,1,0,0,0
173,33,0,3,5,0,0,0,0,0
93,16,2,1,4,0,0,0,0,0
69,13,0,1,9,0,0,0,0,0
27,5,0,1,2,0,0,0,0,0
47,7,0,1,8,0,0,0,0,0
93,17,0,6,6,0,0,0,0,0
32,7,0,1,5,0,0,0,0,0
48,10,0,3,3,0,0,0,0,0
63,13,0,2,2,0,0,0,0,0
73,14,0,12,4,0,0,0,0,0
295,56,0,8,15,1,1,0,0,0
39,9,0,1,1,0,1,0,0,0
120,28,0,5,5,1,3,0,0,0
43,10,5,2,3,1,0,0,1,0
169,36,2,4,3,0,0,0,0,0
101,23,0,1,6,0,1,0,0,0
32,6,0,1,2,0,1,0,0,0
149,30,1,7,9,2,0,0,0,0
40,8,0,2,6,0,0,0,0,0
85,17,0,3,3,0,0,0,0,0
2,1,0,1,0,0,0,0,0,0
131,26,0,5,14,1,1,0,0,0
49,7,0,1,4,0,0,0,0,0
32,7,0,1,1,0,0,0,0,0
29,6,0,1,1,0,1,0,0,0
153,31,15,58,8,0,1,0,1,1
24,4,0,1,1,1,0,0,0,0
74,15,0,4,10,0,0,0,0,0
141,22,0,3,9,1,0,1,0,1
242,45,0,5,14,0,0,0,0,0
40,5,0,1,6,0,1,0,0,0
66,12,0,2,3,1,1,0,0,0
25,5,0,2,2,0,0,0,0,0
147,28,14,7,4,0,1,0,0,1
26,6,0,2,2,0,0,0,0,0
27,5,0,1,1,0,0,0,0,0
121,25,5,8,3,2,0,0,0,1
23,5,0,3,2,0,0,0,0,0
38,9,0,1,0,0,0,0,0,0
34,8,0,2,2,0,2,0,0,0
55,14,1,1,2,0,0,0,0,0
46,9,0,1,1,0,1,0,0,0
22,5,0,2,4,0,1,0,0,0
42,8,0,1,0,0,0,0,0,0
35,7,0,2,3,0,0,0,0,0
53,9,0,4,2,0,0,0,0,0
112,23,0,4,4,0,0,0,0,0
39,9,0,1,1,0,0,0,0,0
38,8,0,1,0,0,0,0,0,0
129,29,0,3,17,0,1,0,0,0
67,11,0,2,6,0,0,0,0,0
147,29,0,5,3,0,0,0,0,0
61,12,0,1,2,0,0,0,0,0
38,5,0,1,5,0,1,0,0,0
82,22,4,2,2,0,1,0,0,0
14,4,0,1,0,0,0,0,0,0
153,34,0,8,12,0,0,0,0,0
42,9,0,3,3,0,0,0,0,0
154,27,0,5,20,3,0,0,0,0
50,6,0,2,7,0,0,0,0,0
52,11,0,1,3,0,0,0,0,0
140,27,3,60,3,1,0,0,0,1
54,11,0,2,4,0,0,0,0,0
49,1,4,0,8,0,0,0,0,0
67,12,3,2,5,0,1,0,0,0
139,27,0,2,2,0,0,0,0,0
110,19,0,3,7,0,0,0,0,0
37,9,0,1,2,0,1,0,0,0
40,9,0,1,1,0,0,0,0,0
25,6,0,2,6,0,0,0,0,0
113,20,0,5,6,0,0,0,0,0
28,4,0,1,1,0,0,0,0,0
48,12,0,1,0,0,0,0,0,0
58,11,0,2,7,0,0,0,0,0
66,16,0,2,6,0,1,0,0,0
26,7,0,1,1,0,0,0,0,0
297,64,0,6,12,0,0,0,0,0
148,30,0,6,3,0,0,0,0,0
149,33,1,6,6,0,2,0,0,0
154,31,0,5,8,0,0,0,0,0
112,19,20,11,3,2,0,0,0,1
78,18,0,5,12,0,0,0,0,0
35,7,0,1,2,0,1,0,0,0
31,6,0,1,2,0,0,0,0,0
70,13,0,3,3,0,1,0,0,0
33,8,1,2,3,0,0,0,0,0
35,6,0,6,2,1,0,0,0,0
23,6,0,1,1,0,0,0,0,0
76,17,0,1,1,0,0,0,0,0
24,5,0,1,1,1,0,0,0,0
41,8,0,2,3,1,1,0,0,0
48,7,0,1,2,0,0,0,0,0
143,30,19,7,6,0,0,0,0,1
59,15,0,2,1,0,0,0,0,0
53,10,0,3,2,0,0,0,0,0
139,29,20,23,6,1,0,0,0,1
19,5,1,1,1,0,1,0,0,0
51,10,0,2,3,1,0,0,0,0
122,25,0,5,1,1,0,0,0,0
53,11,0,2,2,0,1,0,0,0
22,6,1,2,2,0,0,0,0,0
156,29,7,12,8,2,1,0,0,1
155,32,0,7,6,3,2,0,0,0
25,5,0,2,2,0,1,0,0,0
39,9,0,2,2,0,0,0,0,0
119,26,0,1,3,3,0,0,0,0
104,22,0,3,3,0,0,0,0,0
45,10,0,3,1,0,0,0,0,0
18,5,0,1,1,0,1,0,0,0
19,4,0,1,1,0,1,0,0,0
144,33,4,42,2,1,1,0,0,1
30,6,0,1,0,0,0,0,0,0
91,17,1,1,4,0,0,0,0,0
156,28,1,14,12,1,0,0,0,0
45,9,0,2,2,0,0,0,0,0
42,9,0,1,1,0,0,0,0,0
116,19,2,86,10,0,1,0,0,0
113,25,0,3,2,1,0,0,0,0
137,23,1,109,5,2,1,0,0,0
38,7,0,2,2,0,0,0,0,0
43,9,0,3,3,1,1,0,0,0
29,7,0,1,0,0,0,0,0,0
145,23,22,25,6,1,0,0,0,1
61,12,0,7,1,0,0,0,0,0
160,33,23,16,3,0,0,0,0,1
5,1,0,1,3,0,0,0,0,0
33,6,0,2,2,0,0,0,0,0
41,8,0,1,0,0,0,0,0,0
60,12,0,43,1,0,0,0,0,0
44,11,0,2,3,0,1,0,0,0
32,7,0,1,1,0,0,0,0,0
87,16,0,3,4,2,0,0,0,0
66,13,0,2,2,0,0,0,0,0
152,28,37,8,6,0,0,0,1,1
148,30,0,28,7,1,1,0,0,0
56,12,0,2,4,0,1,0,0,0
101,19,23,29,3,0,0,0,0,1
148,26,0,14,11,2,0,0,0,0
55,10,0,1,1,0,0,0,0,0
35,6,0,2,4,1,1,0,0,0
31,7,0,2,2,0,0,0,0,0
38,6,1,1,4,0,0,0,0,0
59,12,0,1,1,0,1,0,0,0
114,17,0,8,13,0,0,1,0,1
27,5,0,1,2,0,0,0,0,0
159,27,29,31,4,1,0,0,1,1
55,10,0,2,5,0,1,0,0,0
30,7,0,2,1,0,0,0,0,0
33,7,0,1,7,0,0,0,0,0
92,20,3,2,4,0,1,0,0,0
59,13,0,1,3,2,0,0,0,0
160,31,0,3,5,0,0,0,0,0
130,24,0,23,22,3,0,0,0,0
111,28,3,2,3,0,0,0,0,0
52,11,0,3,2,1,0,0,0,0
65,13,1,50,2,0,0,0,0,0
59,8,0,4,6,0,0,0,0,0
23,4,0,1,0,0,0,0,0,0
153,30,19,9,7,1,0,0,0,1
41,9,1,2,6,0,0,0,0,0
137,28,1,4,3,0,0,0,0,0
148,19,25,27,8,1,0,0,2,1
35,9,0,1,1,0,1,0,0,0
69,16,0,1,3,0,1,0,0,0
67,13,0,3,2,2,0,0,0,0
68,12,0,2,1,0,0,0,0,0
49,12,0,2,4,0,0,0,0,0
96,20,0,3,3,1,0,0,0,0
46,9,2,2,7,0,1,0,0,0
47,10,0,1,2,0,0,0,0,0
50,11,0,2,0,0,0,0,0,0
28,4,0,1,3,0,1,0,0,0
110,21,0,4,13,0,1,0,0,0
97,20,0,2,4,0,0,0,0,0
46,10,0,3,3,0,0,0,0,0
90,18,0,2,4,0,0,0,0,0
13,3,0,1,1,0,0,0,0,0
41,7,0,1,1,0,0,0,0,0
65,14,0,4,3,0,0,0,0,0
134,34,4,3,3,0,1,0,0,0
145,34,1,8,16,0,1,0,0,0
131,25,2,97,6,2,0,0,0,0
33,7,0,3,3,0,0,0,0,0
14,3,0,1,2,0,1,0,0,0
105,24,0,3,4,0,2,0,0,0
42,8,0,2,3,0,0,0,0,0
159,28,19,24,6,1,0,0,1,1
40,6,0,8,6,0,0,0,0,0
47,8,0,1,4,0,0,0,0,0
80,18,0,3,5,2,0,0,0,0
72,15,0,2,1,0,0,0,0,0
157,24,16,4,4,0,0,0,0,1
150,32,0,5,10,2,1,0,0,0
33,8,0,1,0,0,0,0,0,0
33,5,0,1,3,0,0,0,0,0
31,7,0,2,3,0,0,0,0,0
281,58,9,6,30,1,0,0,0,0
44,8,0,1,1,0,0,0,0,0
136,26,22,17,8,1,0,0,0,1
142,24,28,19,8,0,0,0,0,1
102,19,0,3,3,0,1,0,0,0
34,9,0,2,2,0,0,0,0,0
73,15,0,2,3,0,0,0,0,0
149,24,0,4,11,1,0,0,0,0
20,5,0,2,3,0,0,0,0,0
22,3,0,2,3,0,0,0,0,0
92,20,0,2,3,0,0,0,0,0
86,18,0,3,3,0,0,0,0,0
28,5,0,2,3,0,0,0,0,0
40,9,0,3,2,0,0,0,0,0
132,23,0,3,8,0,0,0,0,0
47,10,0,1,2,0,0,0,0,0
66,10,0,4,14,0,0,0,0,0
63,13,0,2,2,0,0,0,0,0
147,34,3,6,14,2,1,0,0,0
47,10,0,2,6,0,0,0,0,0
151,26,5,3,2,0,0,0,0,0
37,8,0,1,2,0,1,0,0,0
41,8,0,1,0,0,0,0,0,0
32,7,0,2,3,0,0,0,0,0
24,5,0,2,1,0,0,0,0,0
29,5,0,1,4,0,1,0,0,0
50,9,1,1,6,0,0,0,0,0
35,5,0,1,7,0,1,0,0,0
38,7,0,1,6,0,0,0,0,0
41,11,0,31,0,0,0,0,0,0
118,26,0,4,3,0,3,0,0,0
57,12,0,1,3,1,0,0,0,0
115,24,0,3,2,0,0,0,0,0
157,26,18,14,9,2,0,0,1,1
51,11,0,1,2,0,0,0,0,0
82,16,0,2,8,0,0,0,0,0
29,7,0,1,0,0,0,0,0,0
23,6,0,1,1,0,1,0,0,0
72,14,0,2,7,0,1,0,0,0
173,30,33,8,5,0,1,0,0,1
72,18,0,2,5,0,1,0,0,0
33,9,0,1,1,0,1,0,0,0
111,25,0,2,4,0,0,0,0,0
34,4,0,2,0,0,0,0,0,0
86,19,0,2,1,0,1,0,0,0
50,8,12,2,2,0,0,0,0,1
121,24,0,16,2,0,0,0,0,0
61,11,0,5,3,0,0,0,0,0
14,3,0,1,3,0,0,0,0,0
120,26,0,6,6,0,0,0,0,0
78,16,0,5,6,0,1,0,0,0
50,10,0,2,2,0,0,0,0,0
27,4,0,1,1,0,1,0,0,0
444,71,11,44,42,0,1,0,0,0
79,13,0,1,5,0,0,0,0,0
83,17,0,4,10,0,0,0,0,0
62,15,0,3,3,0,1,0,0,0
33,8,0,1,0,0,0,0,0,0
68,13,0,52,4,0,1,0,0,0
107,23,0,3,8,0,1,0,0,0
37,8,0,2,4,0,0,0,0,0
132,27,0,1,2,0,0,0,0,0
138,25,18,18,4,1,1,0,0,1
105,17,13,7,3,1,0,0,0,1
69,17,11,3,3,0,2,0,0,0
83,15,0,1,3,0,0,0,0,0
38,7,0,1,0,0,0,0,0,0
114,25,2,7,6,0,0,0,0,0
151,22,0,24,11,0,0,0,0,0
80,19,0,4,3,0,1,0,0,0
80,21,2,3,3,0,0,0,0,0
156,27,22,3,2,0,1,0,0,1
134,24,5,9,6,1,0,0,0,1
158,27,0,36,17,1,0,0,0,0
35,8,0,1,0,0,0,0,0,0
40,8,0,11,2,0,0,0,0,1
165,30,0,8,5,0,0,0,0,0
42,10,0,3,3,0,0,0,0,0
153,26,0,121,4,4,0,0,0,0
320,43,10,11,27,1,0,0,0,0
93,24,3,66,1,0,1,0,0,0
148,29,0,5,3,1,0,0,0,0
50,9,0,1,4,0,0,0,0,0
72,15,0,4,4,0,1,0,0,0
55,13,0,2,1,0,0,0,0,0
158,35,0,122,2,1,1,0,0,0
54,12,0,2,2,0,0,0,0,0
113,23,0,3,13,0,0,0,0,0
70,17,1,3,2,0,0,0,0,0
146,23,14,23,4,0,0,1,0,1
77,16,0,2,3,0,0,0,0,0
71,13,0,1,3,0,0,0,0,0
33,6,0,2,2,0,0,0,0,0
31,6,0,2,3,0,0,0,0,0
91,20,0,5,7,0,1,0,0,0
22,6,0,1,0,0,0,0,0,0
148,32,0,2,3,1,0,0,0,0
145,34,1,8,16,0,1,0,0,0
126,26,0,3,3,0,0,0,0,0
28,5,0,2,6,0,0,0,0,0
52,9,0,2,4,0,1,0,0,0
35,9,2,1,2,0,2,0,0,0
126,26,1,2,2,0,0,0,0,0
47,8,0,1,4,0,0,0,0,0
27,5,0,1,2,0,0,0,0,0
41,9,0,2,2,0,0,0,0,0
129,27,2,6,8,0,2,0,0,0
140,25,17,8,3,1,0,0,0,1
83,18,0,1,2,0,0,0,0,0
41,9,0,1,3,0,0,0,0,0
28,6,0,1,3,0,0,0,0,0
34,8,0,25,2,0,0,0,0,0
39,10,0,1,3,0,0,0,0,0
54,11,0,9,10,8,0,0,0,0
90,19,0,2,2,0,0,0,0,0
35,9,0,1,3,0,0,0,0,0
34,7,0,2,3,0,0,0,0,0
91,19,0,2,4,0,1,0,0,0
52,11,0,2,3,0,0,0,0,0
45,7,0,2,2,0,0,0,0,0
54,8,0,2,7,0,0,0,0,0
77,17,0,3,3,0,1,0,0,0
22,4,0,2,2,0,0,0,0,0
22,5,0,2,2,1,1,0,0,0
368,70,1,7,10,0,0,0,0,0
28,6,0,1,1,0,0,0,0,0
82,19,0,1,0,0,0,0,0,0
55,12,0,3,4,0,0,0,0,0
68,14,0,2,4,2,0,0,0,0
29,6,1,1,1,0,0,0,0,0
114,24,0,3,3,0,0,0,0,0
67,8,0,4,10,0,0,0,0,0
96,21,0,2,10,0,0,0,0,0
78,15,11,3,3,0,0,0,0,1
25,4,0,1,2,0,0,0,0,0
104,22,0,3,2,0,0,0,0,0
44,9,0,2,2,0,0,0,0,0
18,3,0,2,7,0,0,0,0,0
47,9,0,1,2,0,1,0,0,0
22,4,0,2,2,0,0,0,0,0
31,7,0,1,1,0,0,0,0,0
39,9,0,2,3,0,0,0,0,0
40,7,0,1,3,0,1,0,0,0
69,13,0,3,5,0,0,0,0,0
79,18,0,1,4,0,0,0,0,0
117,27,0,3,6,0,0,0,0,0
38,7,0,1,1,0,0,0,0,0
65,12,0,1,2,1,0,0,0,0
23,5,0,1,0,0,0,0,0,0
2,1,0,0,2,0,0,0,0,0
151,29,0,5,5,0,1,0,0,0
58,13,0,3,3,0,2,0,0,0
24,4,0,1,0,0,0,0,0,0
31,7,0,1,3,0,0,0,0,0
33,5,0,2,1,0,0,0,0,0
150,21,27,25,5,1,0,0,1,1
54,11,0,2,1,0,0,0,0,0
60,13,0,2,5,0,2,0,0,0
160,25,16,12,3,0,0,0,0,1
9,2,0,1,3,0,0,0,0,0
71,16,0,3,7,1,0,0,0,0
28,5,0,1,1,0,1,0,0,0
41,7,1,1,4,0,0,0,0,0
29,6,0,2,1,0,0,0,0,0
81,13,11,5,0,0,0,0,0,1
34,8,0,1,2,0,0,0,0,0
31,7,0,1,1,0,1,0,0,0
11,2,0,1,3,0,0,0,0,0
129,28,0,7,3,0,0,0,0,0
11,3,0,1,1,0,0,0,0,0
127,21,17,14,4,1,0,0,1,1
28,6,0,1,0,0,0,0,0,0
47,7,0,1,1,0,0,0,0,0
59,12,1,1,4,0,1,0,0,0
153,28,15,7,4,0,0,0,1,1
31,6,0,2,2,0,0,0,0,0
140,26,0,4,11,2,0,0,0,0
44,6,0,3,4,0,0,0,0,0
65,16,2,4,7,0,0,0,0,0
22,4,0,1,1,0,0,0,0,0
80,14,3,59,5,1,0,0,0,0
158,25,0,17,9,0,0,0,0,0
157,28,21,8,3,0,1,0,0,1
119,23,0,4,9,2,0,0,0,0
131,27,0,12,15,0,0,0,0,0
40,8,0,1,1,0,0,0,0,0
52,11,0,2,2,0,0,0,0,0
34,9,0,1,1,0,1,0,0,0
23,4,0,2,3,0,0,0,0,0
29,6,0,1,0,0,0,0,0,0
48,9,0,1,0,0,0,0,0,0
38,9,1,1,3,0,0,0,0,0
136,28,0,6,6,1,0,0,0,1
157,28,18,19,1,0,1,0,0,1
153,28,15,7,4,0,0,0,1,1
64,12,2,12,3,1,0,0,0,1
160,20,18,13,9,1,1,0,0,1
158,28,2,14,6,0,1,0,1,1
161,30,21,26,3,0,0,0,1,1
31,6,0,2,2,0,0,0,0,0
86,17,0,3,1,0,0,0,0,0
33,5,0,2,6,0,0,0,0,0
54,10,0,4,2,0,1,0,0,0
193,32,0,2,3,0,0,0,0,0
34,6,0,1,2,0,0,0,0,0
124,27,1,16,6,0,0,0,0,0
106,17,13,7,4,1,0,0,0,1
152,20,0,12,23,0,0,0,0,0
65,12,1,2,1,0,0,0,0,0
101,17,0,2,2,0,1,0,0,0
51,10,0,1,2,0,0,0,0,0
29,5,0,1,1,0,1,0,0,0
25,6,0,1,0,0,0,0,0,0
78,16,0,2,4,0,1,0,0,0
30,6,0,1,1,0,1,0,0,0
139,28,7,14,6,1,0,0,0,1
153,20,0,5,5,0,0,1,0,1
135,24,1,4,5,0,0,0,0,0
44,10,0,3,2,1,0,0,0,0
89,13,0,12,5,0,0,0,0,0
141,27,0,4,14,0,0,0,0,0
49,11,0,2,2,0,1,0,0,0
54,11,0,2,7,0,0,0,0,0
18,4,0,1,6,0,1,0,0,0
34,6,0,1,2,0,0,0,0,0
107,24,2,3,1,0,0,0,0,0
24,5,0,1,0,0,0,0,0,0
274,37,0,7,12,0,5,0,0,0
118,27,0,1,5,0,0,0,0,0
158,34,2,5,5,0,0,0,0,0
28,6,0,2,3,0,0,0,0,0
127,29,1,26,2,0,0,0,0,0
52,10,0,1,2,0,0,0,0,0
153,32,13,9,3,0,0,0,0,1
131,25,2,6,5,0,0,0,0,0
155,41,12,4,10,0,0,0,0,0
101,12,12,4,8,0,1,1,0,1
73,17,0,1,2,0,1,0,0,0
8,2,0,1,0,0,0,0,0,0
57,10,0,2,2,0,0,0,0,0
106,20,0,1,2,0,0,0,0,0
157,27,18,24,6,1,0,0,1,1
56,11,0,0,5,1,0,0,0,0
49,7,0,1,4,0,0,0,0,0
27,4,0,0,4,0,0,0,0,0
176,31,0,10,11,0,0,0,0,0
92,19,0,3,5,1,0,0,0,0
31,6,0,1,1,0,1,0,0,0
38,7,0,1,4,0,1,0,0,0
156,31,0,3,3,0,0,0,0,0
66,10,0,1,8,0,1,0,0,0
180,35,0,1,6,0,0,0,0,0
63,15,0,1,1,0,0,0,0,0
59,11,0,2,1,0,0,0,0,0
25,5,0,1,1,0,1,0,0,0
24,5,0,1,5,0,1,0,0,0
148,27,17,4,0,0,0,0,0,1
149,31,0,4,10,1,1,0,0,0
165,32,1,6,14,0,0,0,0,0
63,11,0,1,6,0,0,0,0,0
32,5,0,1,1,0,0,0,0,0
29,4,0,1,2,0,0,0,0,0
35,9,0,1,3,0,0,0,0,0
22,5,0,1,2,0,0,0,0,0
103,25,1,1,3,0,0,0,0,0
3,1,0,1,1,0,0,0,0,0
126,23,0,10,11,0,0,0,0,0
31,7,0,1,1,0,0,0,0,0
140,25,17,8,3,1,0,0,0,1
161,30,16,11,12,0,2,0,0,1
75,14,0,2,6,0,0,0,0,0
121,24,0,1,3,0,0,0,0,0
75,16,0,1,2,0,0,0,0,0
95,18,0,3,1,0,0,0,0,0
156,23,6,44,26,0,0,0,1,1
114,22,0,2,14,0,0,0,0,0
26,7,0,1,0,0,0,0,0,0
48,12,1,1,3,0,0,0,0,0
25,6,0,1,0,0,0,0,0,0
38,6,0,0,1,0,0,0,0,0
7,1,0,1,3,0,0,0,0,0
125,22,0,15,15,2,0,0,0,0
188,36,5,4,8,3,0,0,0,0
125,26,3,3,5,1,0,0,0,0
55,11,0,1,0,0,0,0,0,0
38,8,0,2,2,0,0,0,0,0
29,5,0,1,3,0,0,0,0,0
46,7,0,2,1,0,0,0,0,0
62,14,0,2,2,0,1,0,0,0
32,6,0,1,3,0,0,0,0,0
194,40,0,4,6,0,1,0,0,0
287,60,0,4,6,0,2,0,0,0
37,8,0,1,1,0,0,0,0,0
42,8,0,1,0,0,0,0,0,0
70,16,1,3,2,0,0,0,0,0
76,16,0,2,4,0,1,0,0,0
115,25,1,4,4,1,1,0,0,0
15,3,0,1,2,2,0,0,0,0
49,9,0,1,1,0,0,0,0,0
53,12,1,1,3,0,0,0,0,0
159,37,6,107,10,2,0,0,0,0
33,7,0,1,3,0,1,0,0,0
150,23,25,17,4,2,0,0,1,1
157,32,3,8,8,1,0,0,0,1
87,19,2,1,4,0,1,0,0,0
36,6,0,1,3,0,0,0,0,0
134,28,0,2,9,0,0,0,0,0
22,4,0,2,2,0,0,0,0,0
26,5,0,2,2,1,1,0,0,0
24,5,0,2,2,0,0,0,0,0
97,23,1,2,6,0,0,0,0,0
153,31,0,6,15,2,0,0,0,0
139,21,1,4,2,0,0,0,0,0
45,9,0,3,2,0,0,0,0,0
69,15,1,1,2,0,0,0,0,0
40,8,0,1,0,0,0,0,0,0
30,9,2,1,1,0,0,0,0,0
40,8,0,1,5,0,0,0,0,0
84,17,0,4,3,0,0,0,0,0
25,5,0,2,0,0,0,0,0,0
140,34,1,96,10,3,4,0,0,0
152,29,27,16,8,0,0,0,0,1
123,22,1,5,16,0,0,0,0,0
85,18,0,3,8,0,0,0,1,0
69,15,0,2,1,0,0,0,0,0
23,6,0,1,3,0,0,0,0,0
25,5,0,1,1,0,1,0,0,0
24,7,3,1,0,0,0,0,0,0
30,7,0,0,0,0,0,0,0,0
162,28,25,17,4,0,0,0,1,1
28,7,0,2,3,0,0,0,0,0
43,8,0,1,4,0,0,0,0,0
39,10,0,2,2,0,0,0,0,0
157,27,23,23,5,1,0,0,1,1
83,17,0,4,3,2,0,0,0,0
68,12,13,12,2,1,0,0,0,1
73,15,0,2,5,0,0,0,0,0
133,28,14,12,13,0,0,0,3,1
47,9,0,3,2,0,1,0,0,0
322,58,6,26,24,0,1,0,0,0
59,14,0,1,4,0,0,0,0,0
134,20,8,27,11,1,0,1,1,1
42,8,0,1,0,0,0,0,0,0
31,5,0,2,2,0,0,0,0,0
145,24,15,38,9,2,0,0,1,1
30,7,0,1,1,0,0,0,0,0
36,7,0,1,2,0,0,0,0,0
149,27,3,11,7,1,0,0,0,1
29,7,0,2,1,0,0,0,0,0
59,14,0,1,1,0,0,0,0,0
154,27,0,24,8,0,0,0,0,0
47,8,0,1,0,0,0,0,0,0
85,18,0,4,4,0,0,0,0,0
126,20,0,1,3,0,0,0,0,0
128,27,0,2,2,0,0,0,0,0
12,3,1,1,3,0,0,0,0,0
53,9,0,2,2,0,0,0,0,0
41,8,0,1,1,0,0,0,0,0
143,22,23,42,8,2,0,0,1,1
176,31,0,10,11,0,0,0,0,0
155,32,14,7,2,0,0,0,0,1
99,19,0,1,4,0,0,0,0,0
72,13,0,2,2,0,0,0,0,0
123,26,0,4,6,0,0,0,0,0
69,15,0,9,2,0,0,0,0,0
39,9,0,1,0,0,0,0,0,0
17,3,0,1,3,0,0,0,0,0
22,4,0,2,2,0,0,0,0,0
157,29,21,22,3,0,1,0,0,1
48,11,1,1,1,0,1,0,0,0
38,6,0,4,2,2,0,0,0,0
115,18,19,19,7,0,0,0,1,1
30,7,0,1,2,0,0,0,0,0
38,9,0,2,2,0,2,0,0,0
25,6,0,1,0,0,0,0,0,0
28,6,0,1,1,0,0,0,0,0
46,8,0,1,1,0,0,0,0,0
72,14,0,2,2,0,0,0,0,0
41,8,0,1,6,0,0,0,0,0
31,6,0,1,1,1,0,0,0,0
59,13,0,3,5,0,0,0,0,0
28,7,0,1,0,0,0,0,0,0
30,6,0,1,1,0,0,0,0,0
131,27,0,12,15,0,0,0,0,0
55,12,0,3,3,0,0,0,0,0
32,7,0,2,2,0,0,0,0,0
138,27,0,2,3,0,0,0,0,0
125,23,0,3,4,0,0,0,0,0
13,4,0,2,1,0,0,0,0,0
81,12,0,3,3,0,1,0,0,0
155,30,0,1,6,0,0,0,0,0
74,14,1,2,2,0,0,0,0,0
34,8,0,2,2,0,0,0,0,0
165,32,24,28,4,0,0,0,0,1
84,18,0,1,5,0,0,0,0,0
190,37,0,1,3,0,0,0,0,0
41,8,0,2,6,0,0,0,0,0
37,7,0,1,2,0,0,0,0,0
38,4,0,1,5,0,1,0,0,0
87,20,0,28,2,0,0,0,0,0
43,8,0,2,3,2,0,0,0,0
73,15,0,2,5,0,0,0,0,0
65,16,0,2,3,0,0,0,0,0
36,7,0,2,0,0,0,0,0,0
157,28,16,30,4,1,0,0,1,1
38,7,0,2,4,1,0,0,0,0
27,6,0,2,1,1,0,0,0,0
21,6,0,1,1,0,0,0,0,0
73,10,0,1,16,0,0,0,0,0
191,38,0,3,8,0,0,0,0,0
100,20,2,76,3,0,0,0,0,0
34,7,0,1,1,0,1,0,0,0
152,24,18,3,5,0,0,0,0,1
31,7,0,1,2,0,1,0,0,0
154,29,0,1,1,0,0,0,0,0
155,26,12,23,14,0,0,0,0,1
98,19,1,3,9,0,0,0,0,0
107,21,0,4,6,0,0,0,0,0
27,6,0,2,3,0,0,0,0,0
156,25,10,3,10,1,2,0,1,1
59,13,0,1,1,0,0,0,0,0
57,13,0,1,3,0,1,0,0,0
136,22,1,6,6,0,0,0,0,0
56,11,0,2,6,1,0,0,0,0
77,16,1,3,3,0,1,0,0,0
44,10,0,2,4,0,1,0,0,0
46,8,0,1,1,0,0,0,0,0
53,11,0,2,2,0,0,0,0,0
32,7,0,1,0,0,0,0,0,0
31,5,1,2,1,0,0,0,0,0
55,11,0,3,5,0,4,0,0,0
40,7,0,2,3,0,0,0,0,0
51,11,0,2,3,0,1,0,0,0
39,6,0,1,10,0,0,0,0,0
43,8,0,1,5,0,0,0,0,0
35,7,0,1,1,1,0,0,0,0
132,27,2,5,6,1,2,0,0,0
158,27,0,9,24,0,0,0,0,0
48,9,1,2,3,0,3,0,0,0
37,8,0,3,7,0,1,0,0,0
169,35,0,8,9,0,0,0,0,0
135,30,0,8,13,0,7,0,0,0
33,7,0,2,1,0,0,0,0,0
52,11,0,1,0,0,0,0,0,0
29,5,0,2,6,0,0,0,0,0
29,7,0,2,2,0,0,0,0,0
102,23,5,2,7,0,1,0,0,0
55,10,0,2,2,0,0,0,0,0
150,28,16,18,7,0,0,0,0,1
24,5,0,1,3,0,0,0,0,0
54,9,0,3,5,0,1,0,0,0
43,8,0,2,2,1,1,0,0,0
179,27,32,29,9,1,0,0,2,1
23,3,0,1,1,0,0,0,0,0
51,11,0,2,1,0,0,0,0,0
40,8,0,4,0,0,0,0,0,0
155,32,2,7,7,1,0,0,0,0
83,20,1,3,10,0,0,0,0,0
26,6,0,1,0,0,0,0,0,0
38,7,0,1,7,0,0,0,0,0
82,16,0,1,7,0,1,0,0,0
38,8,0,2,2,2,0,0,0,0
26,6,0,1,1,0,0,0,0,0
25,4,0,1,1,0,1,0,0,0
24,5,0,1,0,0,0,0,0,0
58,12,0,1,3,0,0,0,0,0
46,11,0,1,0,0,0,0,0,0
90,19,0,2,3,1,0,0,0,0
128,27,0,2,1,1,0,0,0,0
70,12,1,3,7,0,0,0,0,0
30,7,0,1,2,0,0,0,0,0
159,28,23,5,5,0,0,0,2,1
44,8,1,1,5,0,0,0,0,0
69,14,0,4,10,0,0,0,0,0
42,7,0,3,8,0,0,0,0,0
21,5,0,1,1,0,1,0,0,0
158,38,0,8,16,3,0,0,0,0
127,27,0,4,12,0,3,0,0,0
39,9,1,2,5,0,1,0,0,0
47,9,0,3,3,0,0,0,0,0
65,10,0,2,5,0,0,0,0,0
36,8,0,1,0,0,0,0,0,0
114,16,18,9,7,0,1,0,0,1
36,5,0,1,5,0,0,0,0,0
37,8,0,28,2,0,1,0,0,0
31,8,0,1,2,0,1,0,0,0
18,4,0,1,1,0,1,0,0,0
86,20,0,4,4,0,0,0,0,0
159,31,0,11,8,1,0,0,0,0
92,12,0,1,13,0,0,0,0,0
39,4,0,1,1,0,0,0,0,0
28,6,0,1,2,0,0,0,0,0
66,14,0,3,3,0,1,0,0,0
197,26,16,8,12,0,0,0,0,1
35,8,0,1,1,0,0,0,0,0
37,8,0,4,2,0,1,0,0,0
38,7,0,2,7,0,0,0,0,0
34,7,0,1,1,0,0,0,0,0
156,23,18,26,10,3,0,0,0,1
34,7,0,1,3,0,1,0,0,0
30,7,0,2,3,0,0,0,0,0
45,6,0,4,4,0,0,0,0,0
137,27,2,3,3,2,0,0,0,0
24,5,0,2,2,0,0,0,0,0
51,12,0,1,2,0,0,0,0,0
293,53,1,14,23,0,5,0,0,0
28,7,0,1,0,0,0,0,0,0
37,7,0,3,2,0,1,0,0,0
33,7,2,0,3,0,1,0,0,0
33,8,1,2,5,0,1,0,1,0
49,10,0,1,1,0,1,0,0,0
263,54,0,11,23,0,0,0,0,0
50,11,0,1,0,0,0,0,0,0
26,5,0,1,0,0,0,0,0,0
39,10,0,2,2,0,0,0,0,0
13,2,8,0,1,0,0,0,0,1
58,13,0,3,9,0,1,0,0,0
62,11,0,4,3,0,1,0,0,0
70,14,0,1,1,0,0,0,0,0
50,10,0,1,2,0,0,0,0,0
38,7,0,2,3,0,0,0,0,0
61,15,0,2,8,0,0,0,0,0
152,36,0,15,4,0,0,0,0,0
147,25,15,5,1,0,0,0,0,1
158,34,0,7,8,2,1,0,0,0
45,7,0,2,7,0,0,0,0,0
22,6,0,1,1,0,1,0,0,0
26,7,0,1,0,0,0,0,0,0
101,12,12,4,8,0,1,1,0,1
43,8,0,1,1,0,1,0,0,0
48,8,0,1,4,0,0,0,0,0
109,22,8,12,5,2,0,0,0,1
48,11,0,1,1,0,0,0,0,0
162,30,0,12,14,0,1,0,0,0
30,5,0,1,6,0,0,0,0,0
110,23,0,3,4,0,0,0,0,0
158,29,19,18,6,1,0,1,0,1
34,6,0,1,8,0,0,0,0,0
65,12,0,1,0,0,0,0,0,0
136,25,17,16,4,1,1,0,0,1
23,3,0,1,3,0,0,0,0,0
35,6,0,3,2,0,0,0,0,0
22,5,0,1,1,0,0,0,0,0
96,20,1,4,4,0,1,0,0,0
75,15,0,2,4,1,0,0,0,0
81,16,0,1,3,0,0,0,0,0
37,7,0,1,0,0,0,0,0,0
71,15,0,4,4,0,0,0,0,0
21,4,0,2,5,0,0,0,0,0
126,25,0,17,5,1,0,0,0,0
25,7,1,2,2,0,0,0,0,0
159,29,27,14,13,0,0,0,1,1
301,62,3,11,15,0,0,0,0,0
86,13,16,5,3,2,0,0,0,1
23,5,0,1,2,0,1,0,0,0
198,36,0,6,13,0,0,0,0,0
32,9,0,2,1,0,1,0,0,0
30,5,0,1,1,0,1,0,0,0
39,8,0,1,0,0,0,0,0,0
98,19,0,3,5,0,1,0,0,0
14,4,0,1,1,0,1,0,0,0
27,4,0,23,1,0,0,0,0,0
155,27,3,11,6,0,0,1,0,1
69,15,0,1,4,0,0,0,0,0
157,34,0,7,16,3,3,0,0,0
156,24,25,3,11,0,0,0,0,1
54,11,0,2,4,1,0,0,0,0
39,9,0,2,2,0,0,0,0,0
76,15,0,5,11,0,0,0,0,0
45,8,0,2,3,0,0,0,0,0
144,27,0,2,2,0,0,0,0,0
180,26,0,30,36,2,0,0,0,0
165,38,2,22,13,1,0,0,0,0
61,11,0,1,8,0,1,0,0,0
158,28,14,21,4,0,4,0,0,1
39,7,0,1,3,0,0,0,0,0
41,10,0,2,1,0,0,0,0,0
74,13,0,4,4,0,0,0,0,0
204,40,0,1,27,0,0,0,0,0
88,15,0,2,2,0,0,0,0,0
159,27,18,23,6,1,0,0,1,1
74,14,0,1,1,0,0,0,0,0
37,9,0,1,3,0,0,0,0,0
39,8,0,2,0,0,0,0,0,0
35,7,0,1,2,0,1,0,0,0
43,7,0,2,2,2,0,0,0,0
42,10,6,1,3,0,0,0,0,0
37,7,0,1,2,0,0,0,0,0
30,7,1,2,4,0,0,0,0,0
82,16,0,1,5,0,0,0,0,0
32,8,0,1,1,0,0,0,0,0
28,6,0,1,2,0,0,0,0,0
120,24,17,15,4,0,0,0,2,1
55,11,0,0,2,0,0,0,0,0
67,12,0,6,6,0,0,0,0,0
244,47,0,5,11,0,0,0,0,0
24,5,0,1,2,0,0,0,0,0
159,22,0,15,6,0,0,0,0,0
159,35,0,4,2,0,0,0,0,0
70,14,0,2,2,0,0,0,0,0
57,7,0,1,4,0,0,0,0,0
161,27,16,16,5,0,0,1,1,1
139,33,0,5,5,0,4,0,0,0
40,11,0,3,2,0,0,0,0,0
86,17,0,3,3,0,0,0,0,0
116,24,0,4,16,0,1,0,0,0
3,1,0,1,1,0,0,0,0,0
53,11,0,2,1,0,0,0,0,0
42,9,0,2,2,0,0,0,0,0
54,9,0,1,3,0,0,0,0,0
33,9,3,2,1,0,1,0,0,0
30,5,0,2,2,1,1,0,0,0
70,16,0,2,2,0,0,0,0,0
94,19,3,2,7,0,0,0,0,0
62,12,0,46,4,2,2,0,0,0
72,12,0,1,4,0,0,0,0,0
142,24,0,9,10,1,0,0,0,0
85,16,0,1,7,0,0,0,0,0
66,12,0,2,3,0,0,0,0,0
32,7,0,2,5,1,0,0,0,0
55,11,0,2,6,0,0,0,0,0
162,30,8,23,5,1,0,0,1,1
58,11,0,7,2,0,0,0,0,0
16,4,0,1,1,0,1,0,0,0
70,14,0,2,2,0,0,0,0,0
38,6,0,1,4,0,0,0,0,0
44,9,0,2,11,0,1,0,0,0
77,14,1,1,6,0,0,0,0,0
148,29,0,4,12,0,0,0,0,0
152,26,23,16,6,2,1,0,1,1
32,7,0,2,2,0,0,0,0,0
85,20,0,3,4,1,1,0,0,0
22,5,0,1,1,0,1,0,0,0
139,26,2,12,6,1,0,0,0,1
38,8,0,2,2,0,0,0,0,0
109,6,19,7,18,1,1,1,0,1
32,7,0,1,2,0,0,0,0,0
107,22,3,4,7,2,0,0,1,1
198,34,0,30,13,0,0,0,0,0
104,18,1,75,7,3,0,0,0,0
44,8,0,1,1,0,0,0,0,0
42,8,0,1,2,0,0,0,0,0
61,14,0,1,1,0,0,0,0,0
43,11,0,2,2,0,0,0,0,0
46,10,1,2,3,0,0,0,0,0
76,14,0,2,2,0,0,0,0,0
61,9,0,2,3,0,0,0,0,0
74,15,0,13,11,0,0,0,0,0
46,8,0,2,3,0,1,0,0,0
61,14,0,2,6,0,0,0,0,0
22,5,0,0,0,0,0,0,0,0
50,8,0,1,3,0,0,0,0,0
44,10,0,2,2,0,0,0,0,0
257,46,0,3,7,0,0,0,0,0
159,39,0,5,4,0,0,0,0,0
58,11,0,7,2,0,0,0,0,0
76,15,0,5,11,0,0,0,0,0
95,19,1,2,9,0,0,0,1,0
96,13,7,2,11,0,1,1,0,1
29,6,0,1,0,0,0,0,0,0
63,11,0,2,2,0,0,0,0,0
53,10,0,1,2,0,0,0,0,0
34,5,0,0,8,0,0,0,0,0
33,4,0,2,2,0,0,0,0,0
151,22,18,18,6,1,0,0,0,1
65,12,0,2,4,0,0,0,0,0
151,24,23,32,4,0,0,0,1,1
30,6,0,1,1,0,1,0,0,0
153,26,24,19,4,1,0,0,0,1
19,3,0,2,1,0,0,0,0,0
121,23,17,3,6,1,0,0,1,1
36,6,0,3,3,0,0,0,0,0
40,6,0,1,3,0,0,0,0,0
62,12,0,3,11,0,0,0,0,0
4,1,0,1,0,0,0,0,0,0
50,10,0,2,4,0,1,0,0,0
28,6,0,1,1,0,0,0,0,0
57,13,1,3,3,0,2,0,0,0
128,18,26,18,4,0,0,0,0,1
145,24,14,7,4,0,4,0,0,1
32,5,0,1,2,0,0,0,0,0
38,9,0,1,0,0,0,0,0,0
86,16,0,3,4,3,0,0,0,0
37,6,0,2,1,0,1,0,0,0
116,23,0,3,4,0,0,0,0,0
77,15,0,4,14,0,0,0,0,0
86,13,11,11,2,1,0,0,0,1
17,3,0,1,0,0,0,0,0,0
156,24,3,26,3,0,1,0,0,0
38,9,3,3,2,0,0,0,0,0
13,4,0,2,2,0,0,0,0,0
88,21,0,2,6,0,0,0,0,0
64,14,0,2,7,0,0,0,0,0
205,40,0,6,12,3,0,0,0,0
158,28,9,34,9,1,0,0,1,1
112,19,2,3,6,1,0,0,0,0
78,16,0,4,5,0,2,0,0,0
121,26,0,4,6,0,2,0,0,0
25,4,0,2,2,0,2,0,0,0
46,8,0,1,2,0,0,0,0,0
27,6,0,2,2,0,0,0,0,0
126,24,0,4,6,0,0,0,0,0
46,11,0,3,5,0,2,0,0,0
23,5,0,2,2,0,0,0,0,0
83,18,1,3,3,0,0,0,0,0
72,13,0,3,3,0,0,0,0,0
30,7,0,2,2,1,0,0,0,0
22,4,0,1,2,0,1,0,0,0
48,11,0,2,2,0,2,0,0,0
24,6,0,2,2,0,0,0,0,0
46,9,0,1,1,0,0,0,0,0
86,18,0,2,3,0,1,0,0,0
158,27,0,127,5,1,0,0,0,0
31,8,0,3,2,0,2,0,0,0
25,6,0,1,1,0,0,0,0,0
100,17,0,18,4,1,0,0,0,1
35,5,0,1,2,0,0,0,0,0
106,27,0,3,6,0,0,0,0,0
48,9,4,2,7,0,0,0,0,0
60,11,0,2,4,1,0,0,0,0
97,24,0,3,3,1,2,0,0,0
36,6,0,1,2,0,0,0,0,0
71,14,0,1,2,0,0,0,0,0
83,17,0,4,3,1,0,0,0,0
153,34,2,5,7,0,1,0,0,0
38,10,0,1,0,0,0,0,0,0
81,18,0,2,6,0,0,0,0,0
114,22,11,5,8,1,3,0,0,1
94,20,0,5,6,0,2,0,0,0
52,12,0,3,7,0,1,0,0,0
83,16,0,2,9,0,0,0,0,0
33,6,0,1,3,0,0,0,0,0
42,10,0,1,3,0,0,0,0,0
24,6,0,1,1,0,0,0,0,0
54,10,0,2,1,0,0,0,0,0
23,6,0,1,1,0,1,0,0,0
137,23,19,14,8,1,0,0,0,1
45,10,0,1,1,0,0,0,0,0
37,10,0,1,4,0,0,0,0,0
28,5,0,1,4,0,0,0,0,0
44,10,0,2,2,1,0,0,0,0
135,25,14,18,4,1,0,0,1,1
73,15,0,2,7,0,1,0,0,0
202,39,0,5,7,0,0,0,0,0
139,26,0,3,8,1,0,0,0,0
146,24,24,9,3,0,0,0,0,1
13,5,1,7,1,0,1,0,0,0
29,5,0,1,1,0,0,0,0,0
53,10,2,2,3,0,0,0,0,0
132,18,0,0,31,0,0,0,0,0
35,9,0,2,1,0,0,0,0,0
160,29,14,35,5,2,0,0,0,1
96,19,0,1,2,0,0,0,0,0
73,14,1,55,4,4,0,0,0,0
18,2,5,0,0,0,0,0,0,1
55,13,0,1,1,0,1,0,0,0
60,15,0,2,2,0,0,0,0,0
83,14,0,3,3,0,0,0,0,0
111,24,0,3,9,0,0,0,0,0
40,6,0,2,3,0,0,0,0,0
141,30,0,6,7,0,0,0,0,0
63,12,1,3,2,1,0,0,0,1
104,22,0,6,6,0,0,0,0,0
133,30,2,4,6,0,1,0,0,0
137,22,6,43,24,0,0,0,1,1
26,8,0,1,0,0,0,0,0,0
53,10,0,3,2,0,0,0,0,0
70,12,0,3,3,0,0,0,0,0
67,15,0,2,4,1,0,0,0,0
22,5,0,1,1,0,1,0,0,0
63,12,0,1,6,0,0,0,0,0
95,13,13,4,8,4,0,0,0,1
143,28,14,17,0,0,0,0,0,1
33,5,0,1,7,0,1,0,0,0
159,30,19,9,8,1,0,0,1,1
74,15,0,2,4,0,0,0,0,0
60,13,0,3,2,0,1,0,0,0
144,25,0,0,5,0,0,0,0,0
220,41,0,3,5,0,0,0,0,0
54,11,5,0,5,0,0,0,0,0
127,25,2,95,4,2,2,0,0,0
27,6,1,1,2,0,0,0,0,0
162,34,0,3,7,1,0,0,0,0
111,21,0,4,7,0,0,0,0,0
161,30,16,11,12,0,2,0,0,1
149,24,22,15,4,1,0,0,2,1
30,5,0,1,1,0,1,0,0,0
3,1,0,1,1,0,0,0,0,0
61,11,0,2,5,0,0,0,0,0
73,12,0,4,3,1,0,0,0,1
39,8,0,1,3,0,0,0,0,0
103,20,1,4,4,0,0,0,0,0
44,7,0,37,1,0,0,0,0,0
159,29,23,23,8,2,0,0,1,1
34,4,0,1,1,0,0,0,0,0
37,7,0,1,1,0,0,0,0,0
89,20,1,3,5,0,1,0,0,0
31,6,0,3,2,0,0,0,0,0
22,5,0,2,1,0,1,0,0,0
35,6,0,1,7,0,0,0,0,0
23,5,0,2,4,0,1,0,0,0
45,9,0,2,3,0,1,0,0,0
42,9,0,2,1,0,0,0,0,0
40,8,0,0,6,1,0,0,0,0
28,7,0,2,2,0,0,0,0,0
84,14,0,2,4,0,0,0,0,0
52,12,0,2,3,2,0,0,0,0
78,16,0,2,4,0,1,0,0,0
54,14,1,4,3,2,1,0,0,0
159,28,14,29,3,1,0,0,1,1
23,5,0,1,1,0,1,0,0,0
92,16,0,2,7,0,0,0,0,0
24,5,0,1,1,1,0,0,0,0
51,11,0,2,1,0,0,0,0,0
22,5,0,1,4,0,0,0,0,0
149,24,22,15,4,1,0,0,2,1
23,6,0,1,1,0,1,0,0,0
65,13,0,1,5,0,0,0,0,0
21,5,0,2,2,1,0,0,0,0
29,6,0,3,2,0,0,0,0,0
47,10,8,3,2,0,0,0,2,1
156,23,16,4,4,0,0,0,0,1
66,16,0,2,1,0,0,0,0,0
32,6,0,2,1,0,0,0,0,0
34,7,0,2,2,0,0,0,0,0
153,26,0,9,8,0,0,0,0,0
23,5,0,1,2,0,1,0,0,0
32,6,0,1,2,0,1,0,0,0
69,16,0,0,0,0,0,0,0,0
180,32,0,6,7,0,0,0,0,0
255,49,0,5,21,0,0,0,0,0
31,6,0,2,2,0,0,0,0,0
59,12,1,1,2,0,0,0,0,0
156,29,23,17,6,0,1,0,2,1
159,24,19,19,11,2,0,0,1,1
138,29,0,7,6,0,1,0,0,0
67,15,0,3,2,0,0,0,0,0
37,8,0,3,3,0,0,0,0,0
122,22,0,5,16,3,4,0,0,0
29,6,0,1,1,0,0,0,0,0
97,18,0,2,6,0,0,0,0,0
148,26,14,10,2,1,0,0,0,1
141,21,2,16,7,0,0,0,1,1
76,15,0,2,3,2,0,0,0,0
84,20,0,3,2,0,0,0,0,0
56,12,0,2,7,0,0,0,0,0
106,16,11,9,3,1,0,0,0,1
36,7,0,5,0,0,0,0,0,0
84,17,0,4,3,0,0,0,0,0
128,19,1,17,3,0,0,0,0,0
114,25,16,11,3,1,0,0,0,1
96,20,0,1,1,0,0,0,0,0
35,5,0,1,1,0,0,0,0,0
46,7,0,1,6,0,0,0,0,0
276,56,0,7,12,0,0,0,0,0
25,5,0,6,2,1,0,0,0,0
46,9,0,2,1,0,0,0,0,0
153,32,0,6,13,0,0,0,0,0
74,16,0,2,7,0,0,0,0,0
154,29,0,11,5,1,0,0,0,1
27,5,0,1,1,0,0,0,0,0
148,21,40,17,9,1,0,0,0,1
63,13,0,1,0,0,0,0,0,0
147,31,0,8,8,0,3,0,0,0
135,27,14,16,1,0,0,0,0,1
154,35,1,3,7,0,0,0,0,0
70,12,0,1,1,0,0,0,0,0
157,29,0,3,8,0,0,0,0,0
24,6,0,1,2,1,1,0,0,0
85,16,0,2,2,0,0,0,0,0
49,13,2,2,4,0,1,0,0,0
26,7,0,0,0,0,0,0,0,0
48,9,0,2,2,0,0,0,0,0
35,10,1,1,1,0,0,0,0,0
24,6,0,1,3,0,0,0,0,0
167,26,16,21,11,0,3,0,1,1
49,12,0,1,0,0,0,0,0,0
132,24,12,5,3,0,0,0,0,1
48,11,0,1,1,0,1,0,0,0
80,19,1,2,6,0,0,0,0,0
39,8,1,1,1,0,0,0,0,0
122,24,23,29,1,0,0,0,0,1
29,6,0,1,1,0,0,0,0,0
32,7,0,1,3,0,0,0,0,0
75,14,0,2,4,0,1,0,0,0
141,21,24,24,6,1,0,0,0,1
25,5,0,1,2,0,0,0,0,0
60,12,0,3,4,1,1,0,0,0
154,37,0,6,9,0,6,0,0,0
230,42,0,5,10,0,0,0,0,0
27,5,0,1,2,0,2,0,0,0
94,18,1,1,4,0,0,0,0,0
87,20,4,3,5,0,0,0,0,0
116,23,0,5,4,1,1,0,0,0
126,28,0,6,13,1,2,0,0,0
28,6,0,2,4,0,0,0,0,0
160,32,0,4,4,0,0,0,0,0
60,14,0,2,1,0,0,0,0,0
153,32,0,5,10,1,1,0,0,0
55,9,0,1,5,0,0,0,0,0
157,24,28,9,11,2,0,0,0,1
22,4,0,2,2,0,0,0,0,0
42,9,0,1,0,0,0,0,0,0
36,8,0,2,5,0,0,0,0,0
34,8,0,2,1,0,0,0,0,0
153,32,0,13,10,0,0,0,0,0
147,36,0,3,2,1,0,0,0,0
152,30,14,8,7,2,0,0,0,1
55,12,0,2,2,0,1,0,0,0
54,13,0,2,1,0,0,0,0,0
34,7,0,0,1,0,1,0,0,0
22,4,0,1,5,0,0,0,0,0
111,19,0,4,16,2,0,0,0,0
159,32,0,16,15,3,0,0,0,0
89,19,8,4,8,0,1,0,0,0
153,27,1,9,9,0,0,0,0,0
67,14,0,2,1,0,0,0,0,0
146,30,4,18,10,0,1,0,0,1
48,10,0,2,3,1,1,0,0,0
57,12,0,3,1,0,0,0,0,0
161,32,0,8,8,0,0,0,0,0
139,27,0,3,3,0,0,0,0,0
160,28,11,8,5,0,0,0,0,1
158,37,0,6,9,0,3,0,0,0
90,19,0,4,7,0,1,0,0,0
29,6,0,1,4,0,0,0,0,0
22,3,0,1,2,0,1,0,0,0
161,23,26,29,15,2,0,0,2,1
38,10,1,2,2,0,2,0,0,0
144,26,15,5,3,0,3,0,0,1
92,21,0,1,2,0,0,0,0,0
84,16,0,2,1,0,1,0,0,0
74,11,0,1,0,0,0,0,0,0
40,10,1,2,2,0,2,0,0,0
63,11,0,2,9,0,1,0,0,0
154,29,13,14,2,1,1,0,0,1
134,21,0,4,6,0,2,0,0,0
35,7,0,1,1,0,0,0,0,0
35,7,0,1,1,0,0,0,0,0
112,17,0,8,12,0,0,1,0,1
54,10,0,3,2,0,0,0,0,0
27,7,0,1,1,0,1,0,0,0
157,26,33,15,2,1,0,0,0,1
111,20,0,3,4,0,0,0,0,0
157,32,0,7,13,2,0,0,0,0
124,23,0,2,8,0,0,0,0,0
22,4,0,2,2,0,0,0,0,0
77,15,1,2,5,0,0,0,0,0
37,7,0,1,0,0,0,0,0,0
71,14,0,3,3,0,0,0,0,0
74,16,0,2,3,0,0,0,0,0
28,7,0,1,3,0,0,0,0,0
34,6,0,1,0,0,0,0,0,0
35,9,0,2,1,0,1,0,0,0
67,13,1,0,5,0,0,0,0,0
41,9,0,2,3,0,0,0,0,0
144,23,26,22,7,1,0,0,1,1
33,6,0,2,2,0,0,0,0,0
83,17,1,2,1,0,0,0,0,0
38,7,0,2,3,0,1,0,0,0
61,14,0,1,3,1,0,0,0,0
32,6,0,1,0,0,0,0,0,0
62,13,0,1,0,0,0,0,0,0
79,14,0,1,9,0,0,0,0,0
22,4,0,2,2,0,0,0,0,0
158,22,0,8,7,0,0,0,0,0
37,7,0,0,5,0,0,0,0,0
23,5,0,1,2,0,0,0,0,0
43,8,0,1,1,0,0,0,0,0
149,22,16,17,4,0,0,0,0,1
108,21,0,2,7,0,0,0,0,0
158,29,19,18,6,1,0,1,0,1
155,27,3,11,6,0,0,1,0,1
148,30,4,8,12,1,0,0,1,1
23,5,0,1,0,0,0,0,0,0
81,15,0,1,1,0,0,0,0,0
154,35,0,5,11,0,3,0,0,0
85,18,1,3,2,0,0,0,0,0
54,9,0,2,2,0,1,0,0,0
157,22,6,102,9,2,0,1,0,1
22,5,0,2,2,0,0,0,0,0
34,7,0,1,3,0,0,0,0,0
69,17,1,3,4,0,0,0,0,0
74,17,4,10,5,1,0,0,0,0
102,16,0,1,9,0,0,0,0,0
22,5,0,1,0,0,0,0,0,0
72,11,11,2,2,0,0,0,0,1
32,6,0,1,1,0,0,0,0,0
77,18,3,3,2,0,0,0,0,0
26,6,0,2,2,0,0,0,0,0
29,7,0,1,0,0,0,0,0,0
52,11,1,2,2,0,0,0,0,0
60,11,1,1,2,0,0,0,0,0
44,10,0,1,3,0,0,0,0,0
77,18,1,2,2,0,2,0,0,0
263,54,0,11,23,0,0,0,0,0
65,13,0,2,2,0,1,0,0,0
31,6,0,1,0,0,0,0,0,0
73,13,0,3,2,1,0,0,0,0
127,23,0,4,10,1,0,0,0,0
131,25,0,4,5,0,0,0,0,0
31,6,0,1,4,0,0,0,0,0
24,5,0,1,0,0,0,0,0,0
71,15,0,3,3,0,3,0,0,0
23,5,0,1,1,0,0,0,0,0
79,19,3,2,2,0,0,0,0,0
24,5,0,2,2,0,0,0,0,0
97,20,0,3,8,0,0,0,0,0
71,17,0,3,5,0,0,0,0,0
157,31,4,18,3,0,0,0,0,1
160,24,14,23,6,0,0,1,1,1
38,6,0,1,1,0,0,0,0,0
44,9,0,2,1,0,0,0,0,0
88,20,2,2,3,0,1,0,0,0
155,32,0,11,6,1,0,0,0,0
36,7,0,3,3,0,0,0,0,0
135,25,8,8,7,4,0,0,0,1
7,1,0,1,3,0,0,0,0,0
71,15,0,2,4,0,0,0,0,0
27,5,3,1,1,0,1,0,0,0
49,9,0,1,0,0,0,0,0,0
105,17,5,7,2,0,0,0,0,1
74,14,0,1,2,0,0,0,0,1
46,9,0,2,2,0,0,0,0,0
23,5,0,1,1,0,1,0,0,0
183,37,0,7,8,0,0,0,0,0
118,22,0,15,5,0,0,0,0,0
92,20,0,4,10,0,1,0,0,0
38,6,0,1,3,0,1,0,0,0
157,27,1,17,3,0,0,0,1,1
87,18,0,3,4,3,0,0,0,0
152,22,2,35,9,2,0,1,0,1
29,8,0,2,1,0,0,0,0,0
154,35,0,11,8,0,0,0,0,0
45,10,0,1,1,0,1,0,0,0
24,5,0,1,0,0,0,0,0,0
69,13,0,2,2,0,0,0,0,0
140,25,0,4,13,0,0,0,0,0
114,23,0,2,3,0,0,0,0,0
131,27,0,9,7,0,0,0,0,0
85,15,0,1,4,0,0,0,0,0
75,17,7,52,0,0,0,0,0,0
31,7,0,1,1,0,1,0,0,0
37,7,0,1,1,0,0,0,0,0
122,24,0,2,1,0,0,0,0,0
136,22,21,25,12,0,1,1,0,1
19,4,0,1,1,0,1,0,0,0
106,22,0,2,4,0,0,0,0,0
67,13,0,1,5,0,0,0,0,0
51,8,0,2,3,0,0,0,0,0
40,8,0,1,1,0,0,0,0,0
40,7,0,2,3,0,0,0,0,0
28,4,0,1,4,0,0,0,0,0
163,27,3,8,10,2,0,1,0,1
158,26,19,13,7,3,0,0,1,1
152,33,1,4,6,0,0,0,0,0
17,4,0,1,3,0,0,0,0,0
138,23,0,5,6,0,0,0,0,0
60,12,0,2,2,0,0,0,0,0
28,6,0,1,0,0,0,0,0,0
142,28,0,4,4,0,0,0,0,0
139,32,0,3,16,0,0,0,0,0
79,16,0,1,0,0,0,0,0,0
34,6,0,1,4,1,0,0,0,0
290,59,0,7,9,0,0,0,0,0
25,5,0,1,4,0,0,0,0,0
5,1,0,3,2,0,0,0,0,0
63,13,0,2,0,0,0,0,0,0
74,15,9,12,3,0,0,0,0,1
155,25,12,26,7,1,0,1,0,1
81,13,11,5,0,0,0,0,0,1
138,20,0,0,8,0,3,0,0,1
162,23,26,31,14,1,0,0,2,1
153,35,0,34,11,0,0,0,0,0
104,17,0,3,6,0,0,0,0,0
82,16,0,4,1,0,1,0,0,0
74,18,1,2,2,0,0,0,0,0
15,3,0,1,4,0,0,0,0,0
77,13,0,3,5,1,1,0,0,0
37,8,0,1,0,0,0,0,0,0
129,28,0,3,5,2,0,0,0,0
54,10,1,1,1,0,0,0,0,0
63,14,0,2,4,1,0,0,0,0
66,15,0,2,2,0,0,0,0,0
134,25,17,19,3,1,1,0,0,1
329,62,1,6,9,0,0,0,0,0
40,10,0,1,3,0,0,0,0,0
86,19,0,2,6,0,1,0,0,0
82,16,2,2,3,0,1,0,0,0
24,5,0,1,2,0,0,0,0,0
111,22,0,3,6,0,0,0,0,0
155,37,1,115,3,1,1,0,0,0
36,6,0,1,5,0,0,0,0,0
35,6,0,1,1,0,1,0,0,0
111,26,0,4,1,1,0,0,0,0
72,14,0,2,8,0,0,0,0,0
61,15,0,3,3,0,0,0,0,0
27,5,0,1,0,0,0,0,0,0
30,7,0,1,0,0,0,0,0,0
46,9,0,1,1,0,0,0,0,0
32,4,0,1,0,0,0,0,0,0
43,9,0,2,1,0,0,0,0,0
161,26,21,6,10,2,0,0,0,1
154,21,6,27,18,0,0,0,0,0
55,12,0,0,1,0,0,0,0,0
27,5,0,1,3,0,0,0,0,0
35,7,0,29,0,0,0,0,0,0
38,8,0,3,4,0,1,0,0,0
70,15,0,2,4,0,1,0,0,0
115,22,1,2,4,1,1,0,0,0
68,13,0,2,7,0,0,0,0,0
29,8,1,1,0,0,0,0,0,0
27,6,0,1,1,0,1,0,0,0
34,7,0,1,1,0,0,0,0,0
66,13,0,3,7,0,0,0,0,0
21,5,0,1,3,0,0,0,0,0
139,27,1,4,10,2,0,0,0,0
150,33,1,3,9,0,1,0,0,0
49,8,0,1,3,0,1,0,0,0
19,3,0,1,3,0,0,0,0,0
40,8,1,2,2,0,1,0,0,0
145,25,24,5,3,0,0,0,0,1
113,24,0,3,7,0,0,0,0,0
44,10,0,2,7,0,0,0,0,0
51,11,0,2,2,0,0,0,0,0
156,31,0,3,3,0,0,0,0,0
33,7,0,1,2,0,2,0,0,0
157,29,1,1,2,0,0,0,0,0
163,22,6,35,9,2,0,1,0,1
32,7,0,2,3,0,0,0,0,0
46,9,0,2,2,0,0,0,0,0
142,32,3,104,4,0,1,0,0,0
126,23,20,15,3,1,0,0,0,1
36,7,0,1,4,0,0,0,0,0
116,22,0,7,5,3,0,0,0,0
90,19,1,16,5,0,0,0,0,0
52,10,0,1,2,0,0,0,0,0
180,33,1,16,15,0,0,0,0,0
39,8,0,2,1,0,0,0,0,0
87,13,0,3,3,0,0,0,0,0
47,11,0,2,3,0,0,0,0,0
70,14,0,1,1,0,0,0,0,0
121,26,2,1,3,0,0,0,0,0
14,2,0,1,3,0,0,0,0,0
135,25,14,21,4,0,4,0,0,1
142,23,0,3,3,0,0,0,0,0
133,28,8,16,14,1,1,0,1,1
23,3,0,1,2,0,0,0,0,0
64,15,0,3,3,0,0,0,0,0
146,23,5,19,9,0,0,1,1,1
144,27,10,12,9,0,0,1,0,1
25,6,1,1,1,0,0,0,0,0
45,9,0,1,2,0,1,0,0,0
36,8,0,2,1,0,0,0,0,0
101,19,0,2,4,0,0,0,0,0
38,7,0,1,0,0,0,0,0,0
142,28,0,1,3,0,1,0,0,0
51,12,0,2,4,0,1,0,0,0
163,32,1,2,3,1,0,0,0,0
156,29,20,22,3,0,1,0,0,1
145,27,0,3,8,0,1,0,0,0
27,5,0,1,4,0,0,0,0,0
41,7,0,0,3,1,0,0,0,0
25,5,0,2,8,0,1,0,0,0
151,29,0,7,9,1,1,0,0,0
85,15,0,1,4,0,0,0,0,0
30,6,0,0,1,0,1,0,0,0
72,12,2,8,6,0,0,0,0,1
60,14,0,5,5,5,0,0,0,0
74,14,0,3,4,0,0,0,0,0
61,14,0,2,4,0,0,0,0,0
22,5,0,1,1,0,0,0,0,0
408,70,0,8,6,0,0,0,0,0
56,11,0,2,2,0,0,0,0,0
31,7,1,1,3,0,0,0,0,0
44,10,0,1,0,0,0,0,0,0
138,22,1,36,7,0,0,0,0,0
22,4,0,1,0,0,0,0,0,0
38,6,0,2,7,0,0,0,0,0
53,12,0,1,3,0,0,0,0,0
132,25,4,13,3,0,0,0,0,1
93,19,0,2,8,0,0,0,0,0
283,50,0,23,8,0,0,0,0,0
81,15,0,13,2,0,0,0,0,1
36,10,0,1,0,0,0,0,0,0
60,12,0,1,0,0,0,0,0,0
36,7,0,1,3,0,0,0,0,0
154,35,0,11,8,0,0,0,0,0
103,20,0,2,2,0,0,0,0,0
65,15,0,4,3,0,0,0,0,0
149,30,0,2,4,0,0,0,0,0
199,41,1,4,9,1,2,0,0,0
26,6,0,1,1,0,0,0,0,0
124,23,0,3,6,0,2,0,0,0
31,9,1,1,1,0,0,0,0,0
65,11,0,3,11,0,0,0,0,0
39,8,0,6,7,0,0,0,0,0
83,15,0,3,7,0,0,0,0,0
42,7,0,1,2,0,0,0,0,0
35,7,0,1,3,0,0,0,0,0
23,5,0,1,1,0,1,0,0,0
41,9,0,1,1,0,1,0,0,0
72,15,1,2,6,0,0,0,0,0
66,13,0,1,4,0,0,0,0,0
43,10,0,3,5,0,2,0,0,0
46,9,1,1,2,0,0,0,0,0
116,22,0,3,7,0,0,0,0,0
56,14,1,1,1,0,0,0,0,0
55,11,0,3,3,2,0,0,0,0
137,23,25,2,10,1,0,0,0,1
166,22,0,4,14,0,1,0,0,0
29,7,0,1,1,0,1,0,0,0
96,21,0,2,2,0,0,0,0,0
36,8,0,0,2,0,0,0,0,0
49,11,0,1,2,0,0,0,0,0
61,11,1,2,3,0,1,0,0,0
39,8,0,1,0,0,0,0,0,0
141,33,1,6,2,0,2,0,0,0
30,5,0,26,0,0,0,0,0,0
30,6,1,1,3,0,1,0,0,0
31,6,0,1,1,1,0,0,0,0
73,14,0,1,0,0,0,0,0,0
25,6,0,2,2,0,1,0,0,0
161,22,21,26,12,0,0,0,2,1
29,6,0,1,1,0,0,0,0,0
379,76,0,11,15,0,0,0,0,0
69,12,0,2,3,0,0,0,0,0
26,5,0,2,5,0,0,0,0,0
36,8,0,2,3,0,1,0,0,0
324,79,1,23,38,1,4,0,0,0
116,22,0,1,4,0,0,0,0,0
50,10,0,2,1,0,1,0,0,0
89,18,1,4,10,0,0,0,0,0
149,26,19,9,6,0,0,0,0,1
237,48,0,6,6,0,0,0,0,0
236,49,0,5,6,0,0,0,0,0
95,17,0,2,4,0,1,0,0,0
85,19,1,2,3,0,0,0,0,0
44,8,1,2,0,0,0,0,0,0
95,15,0,80,1,0,0,0,0,0
23,6,0,1,1,0,1,0,0,0
145,34,1,8,16,0,1,0,0,0
26,5,0,1,0,0,0,0,0,0
160,39,3,3,4,0,0,0,0,0
97,20,1,3,2,0,0,0,0,0
39,6,0,4,12,0,0,0,0,0
47,8,1,2,2,0,0,0,0,1
24,6,0,1,1,0,0,0,0,0
65,11,15,6,3,1,1,0,0,1
33,6,0,2,2,2,0,0,0,0
76,17,3,1,3,0,0,0,0,0
49,9,1,1,3,0,0,0,0,0
15,3,0,1,1,0,0,0,0,0
22,2,0,1,0,0,0,0,0,0
51,10,0,1,5,0,0,0,0,0
28,5,0,1,4,0,0,0,0,0
69,15,1,1,2,0,0,0,0,0
159,27,0,1,3,0,0,0,0,0
44,8,0,3,4,0,1,0,0,0
24,4,0,1,1,0,0,0,0,0
20,4,0,0,2,0,0,0,0,0
126,21,0,3,3,0,0,0,0,0
41,9,1,1,2,0,0,0,0,0
40,9,0,1,0,0,0,0,0,0
162,27,1,1,7,0,0,0,0,0
171,30,0,1,9,1,0,0,0,0
28,5,0,1,0,0,0,0,0,0
62,13,0,4,9,1,0,0,0,0
71,16,0,2,2,0,0,0,0,0
109,22,0,3,3,0,0,0,0,0
135,27,0,4,2,0,0,0,0,0
2,1,0,1,0,0,0,0,0,0
125,18,14,28,10,2,0,0,2,1
158,22,18,24,10,0,0,1,0,1
17,4,0,1,1,0,0,0,0,0
21,4,0,1,2,0,1,0,0,0
25,7,1,1,1,0,1,0,0,0
23,3,0,1,1,0,0,0,0,0
74,13,0,1,5,0,0,0,0,0
73,13,2,3,2,0,0,0,0,1
26,5,0,1,1,0,1,0,0,0
149,34,1,6,11,0,1,0,0,0
24,5,0,1,1,0,0,0,0,0
30,5,0,1,2,0,1,0,0,0
62,12,0,1,2,0,0,0,0,0
132,27,0,5,9,0,0,0,0,0
43,9,0,2,2,0,0,0,0,0
51,12,3,1,0,0,0,0,0,1
42,8,0,1,5,0,0,0,0,0
58,11,0,2,1,0,0,0,0,0
161,26,21,6,10,2,0,0,0,1
125,18,0,2,10,0,0,0,0,0
94,19,0,4,4,0,2,0,0,0
104,22,5,4,4,0,0,0,0,0
94,22,0,3,2,0,0,0,0,0
39,8,0,2,4,0,0,0,0,0
26,7,2,18,0,0,0,0,0,0
60,13,0,5,2,0,0,0,0,0
22,5,0,2,3,0,0,0,0,0
158,34,1,2,2,0,0,0,0,0
163,35,15,21,12,1,0,0,1,1
58,12,0,2,5,0,2,0,0,0
120,28,3,84,4,2,2,0,0,0
47,8,0,1,2,0,0,0,0,0
110,21,0,5,7,0,0,0,0,0
205,41,0,4,4,0,0,0,0,0
73,15,0,4,3,0,2,0,0,0
160,34,12,5,3,0,0,0,0,1
31,8,1,1,2,2,0,0,0,0
29,7,0,23,0,0,0,0,0,0
152,28,0,6,7,2,0,0,0,0
42,8,0,1,2,0,0,0,0,0
48,10,0,2,4,0,1,0,0,0
137,28,0,1,5,0,0,0,0,0
105,18,0,2,7,1,0,0,0,0
155,29,0,5,8,1,2,0,0,0
143,30,22,14,4,0,2,0,0,1
45,8,0,1,1,0,0,0,0,0
35,7,0,0,1,0,1,0,0,0
78,18,0,5,10,0,1,0,0,0
159,31,0,20,6,0,0,0,0,0
125,25,2,5,8,0,0,0,0,0
49,10,0,2,1,0,0,0,0,0
73,14,0,1,1,0,0,0,0,0
162,42,3,3,7,1,0,0,0,0
50,9,0,3,3,0,0,0,0,0
137,27,3,12,6,0,0,0,0,0
118,25,0,4,12,0,0,0,0,0
54,10,0,2,1,0,0,0,0,0
151,30,8,20,5,0,0,0,0,0
23,5,0,1,0,0,0,0,0,0
52,12,0,2,2,0,0,0,0,0
90,17,0,71,3,0,0,0,0,0
23,6,0,2,3,0,0,0,0,0
24,5,0,2,4,0,0,0,0,0
156,31,0,5,4,0,3,0,0,0
25,6,0,1,1,0,1,0,0,0
73,12,0,8,8,0,0,0,0,0
34,7,0,1,0,0,0,0,0,0
158,27,0,36,17,1,0,0,0,0
208,43,1,5,15,0,1,0,0,0
56,11,0,1,0,0,0,0,0,0
112,25,0,0,3,0,1,0,0,0
35,7,0,9,0,0,0,0,0,0
156,32,15,26,7,1,1,0,0,1
120,19,2,94,5,1,0,0,0,0
30,8,0,2,1,0,1,0,0,0
144,17,35,26,8,2,0,0,2,1
24,5,0,0,6,0,0,0,0,0
46,8,1,3,6,0,0,0,0,0
115,21,15,9,1,0,0,0,0,1
159,28,2,20,7,1,1,0,0,1
152,26,27,18,6,1,0,0,0,1
34,8,0,2,2,0,1,0,0,0
142,25,0,3,22,0,0,0,0,0
75,15,0,2,2,0,0,0,0,0
95,21,0,3,6,1,0,0,0,0
127,19,24,11,12,0,0,1,1,1
77,15,0,4,3,0,0,0,0,0
158,24,26,7,5,0,0,0,0,1
159,29,27,14,13,0,0,0,1,1
79,19,0,2,2,0,0,0,0,0
229,52,0,11,5,0,0,0,0,0
44,8,0,1,1,0,1,0,0,0
117,27,0,3,6,0,0,0,0,0
156,28,16,33,7,3,0,0,1,1
70,14,0,1,1,1,0,0,0,0
53,13,0,2,3,0,0,0,0,0
106,23,0,3,2,0,0,0,0,0
30,7,0,1,0,0,0,0,0,0
86,21,0,3,2,0,0,0,0,0
38,8,0,1,4,0,0,0,0,0
66,16,0,1,4,0,0,0,0,0
39,8,0,1,1,0,1,0,0,0
96,23,2,1,0,0,0,0,0,0
144,26,10,13,7,1,1,0,0,1
153,29,0,2,6,2,0,0,0,0
73,16,0,3,2,0,0,0,0,0
35,8,1,25,2,2,0,0,0,0
72,18,1,3,3,0,1,0,0,0
133,25,0,6,20,0,0,0,0,0
106,19,1,2,2,2,0,0,0,0
35,7,0,1,5,0,0,0,0,0
22,5,0,1,1,0,0,0,0,0
31,7,0,1,1,0,0,0,0,0
19,4,0,2,1,0,1,0,0,0
54,12,0,2,2,0,0,0,0,0
29,6,0,1,0,0,0,0,0,0
101,19,3,0,4,0,2,0,0,0
108,20,5,15,3,1,1,0,0,1
22,4,0,1,4,0,0,0,0,0
89,19,0,2,5,0,1,0,0,0
75,15,0,3,9,0,0,0,0,0
34,6,0,3,3,0,0,0,0,0
27,6,0,22,0,0,0,0,0,0
34,5,0,1,2,1,0,0,0,0
37,7,0,1,1,0,0,0,0,0
170,27,0,9,11,0,0,0,0,0
52,9,0,2,2,0,1,0,0,0
24,6,0,2,2,0,0,0,0,0
54,13,0,3,7,0,0,0,0,0
139,23,22,6,4,1,0,0,2,1
166,28,22,4,3,0,0,0,1,1
56,9,0,1,2,0,0,0,0,0
41,7,0,2,2,0,0,0,0,0
89,18,0,1,2,0,1,0,0,0
34,8,0,1,2,0,0,0,0,0
43,8,0,2,1,0,0,0,0,0
43,9,0,2,2,0,0,0,0,0
43,11,0,3,6,0,0,0,0,0
26,7,0,2,1,0,0,0,0,0
55,13,0,2,1,0,0,0,0,0
66,11,0,1,4,0,0,0,0,0
55,12,0,2,3,0,0,0,0,0
49,9,0,1,0,0,0,0,0,0
7,1,0,1,1,0,0,0,0,0
143,19,12,5,7,1,0,1,0,1
27,6,0,1,1,0,0,0,0,0
28,6,0,1,0,0,0,0,0,0
33,6,0,1,1,0,1,0,0,0
155,29,14,9,0,0,0,0,0,1
157,32,1,2,5,3,0,0,0,0
38,8,0,3,2,0,0,0,0,0
159,22,0,15,6,0,0,0,0,0
135,24,0,24,15,3,0,0,0,0
157,27,17,30,4,1,0,0,2,1
22,5,0,1,1,0,1,0,0,0
48,11,0,2,2,0,0,0,0,0
32,7,0,1,1,0,0,0,0,0
80,14,0,3,2,0,0,0,0,0
26,5,0,2,2,0,0,0,0,0
136,20,29,17,9,1,0,0,0,1
106,20,1,14,6,0,0,0,0,0
51,11,0,2,1,0,0,0,0,0
56,12,0,2,2,0,0,0,0,0
13,3,0,1,3,0,0,0,0,0
33,7,0,1,1,0,0,0,0,0
30,5,0,3,3,0,1,0,0,0
31,5,0,1,1,0,0,0,0,0
35,8,0,1,3,0,0,0,0,0
24,3,0,1,4,0,0,0,0,0
26,6,0,1,1,0,0,0,0,0
48,10,2,37,0,0,0,0,0,0
159,29,0,46,14,3,0,0,0,0
59,11,0,1,3,0,0,0,0,0
64,13,0,3,2,0,0,0,0,0
152,24,18,3,5,0,0,0,0,1
109,25,2,5,9,0,2,0,0,0
25,5,0,1,2,0,0,0,0,0
160,31,3,8,8,1,3,0,0,1
24,5,0,1,4,0,0,0,0,0
36,8,9,3,3,0,0,0,0,0
55,12,0,2,1,0,0,0,0,0
36,8,0,1,4,0,0,0,0,0
66,12,0,1,4,0,0,0,0,0
25,6,0,1,1,0,1,0,0,0
37,9,1,1,1,0,0,0,0,0
44,11,0,2,1,0,0,0,0,0
160,33,0,10,14,0,0,0,0,0
63,12,0,1,7,0,0,0,0,0
33,7,0,1,1,0,0,0,0,0
17,3,0,1,3,0,0,0,0,0
40,8,0,1,3,0,0,0,0,0
43,10,0,2,2,0,0,0,0,0
10,3,0,1,0,0,0,0,0,0
51,10,0,1,4,0,0,0,0,0
154,30,0,5,6,0,0,0,0,0
113,20,0,5,6,0,0,0,0,0
147,30,0,4,4,0,0,0,0,0
155,25,35,23,9,3,0,0,1,1
50,12,0,1,1,0,0,0,0,0
64,13,0,1,4,0,0,0,0,0
26,5,0,1,3,0,1,0,0,0
8,2,0,1,0,0,0,0,0,0
132,25,5,9,10,2,0,1,0,1
22,5,0,1,0,0,0,0,0,0
10,1,0,1,3,0,0,0,0,0
124,22,0,3,18,0,0,0,0,0
32,7,0,1,1,0,0,0,0,0
24,6,0,1,3,0,0,0,0,0
95,19,0,4,5,0,0,0,0,0
35,6,0,1,1,0,0,0,0,0
59,12,1,2,3,0,1,0,0,0
73,15,0,2,3,0,1,0,0,0
88,16,1,1,12,0,0,0,0,0
77,19,2,2,6,0,0,0,0,0
64,13,0,2,3,1,0,0,0,0
76,12,0,1,2,0,0,0,0,0
55,13,0,3,5,0,0,0,0,0
26,6,1,1,4,0,0,0,0,0
112,24,0,5,6,0,1,0,0,0
77,18,0,3,4,0,0,0,0,0
53,10,0,3,2,0,0,0,0,0
102,19,0,4,15,0,0,0,0,0
79,15,0,4,5,0,0,0,0,0
42,9,0,2,6,0,0,0,0,0
59,12,0,2,10,0,0,0,0,0
32,6,0,25,2,2,0,0,0,0
153,29,5,28,7,0,0,0,0,1
70,12,0,1,3,0,1,0,0,0
70,16,0,1,1,0,0,0,0,0
143,26,2,29,6,0,1,0,0,1
124,24,0,26,10,0,0,0,0,0
21,3,0,1,2,0,0,0,0,0
77,16,0,3,3,0,0,0,0,0
25,4,0,1,4,0,0,0,0,0
36,8,0,2,2,0,1,0,0,0
75,11,0,5,14,0,0,0,0,0
154,28,5,14,8,0,0,0,0,1
36,6,0,1,3,0,1,0,0,0
48,7,0,1,1,0,0,0,0,0
175,31,0,5,9,0,2,0,0,0
237,49,3,6,7,0,1,0,0,0
23,6,0,1,0,0,0,0,0,0
101,18,0,2,6,0,0,0,0,0
62,12,0,2,2,0,0,0,0,0
37,8,0,1,3,0,0,0,0,0
52,12,0,2,2,0,0,0,0,0
18,5,0,1,2,0,0,0,0,0
106,17,13,7,4,1,0,0,0,1
42,10,0,1,1,0,0,0,0,0
79,17,0,2,4,0,1,0,0,0
133,25,1,2,8,2,0,0,0,0
91,18,2,3,5,2,0,0,0,0
99,23,0,3,2,0,0,0,0,0
160,27,3,19,18,1,0,0,0,1
62,13,0,3,0,0,0,0,0,0
155,25,0,10,12,3,0,1,0,1
34,10,1,2,4,0,1,0,0,0
40,10,1,1,2,0,0,0,0,0
157,29,1,7,12,3,0,0,0,0
133,30,0,2,3,0,0,0,0,0
144,23,24,22,5,1,0,0,1,1
139,27,11,10,3,0,1,0,1,1
56,11,0,2,3,0,0,0,0,0
93,19,11,6,16,0,0,0,3,0
31,7,0,2,1,1,0,0,0,0
26,5,0,1,2,0,0,0,0,0
83,10,0,1,6,0,0,0,0,0
76,17,0,4,1,0,0,0,0,0
22,4,0,1,1,0,1,0,0,0
89,15,20,8,1,0,0,0,0,1
42,8,0,1,1,0,0,0,0,0
120,21,0,1,3,1,0,0,0,0
62,13,0,46,2,2,0,0,0,0
24,5,0,1,4,0,0,0,0,0
158,28,0,4,10,0,0,1,0,0
46,11,0,1,1,0,0,0,0,0
61,12,0,2,3,0,1,0,0,0
156,29,0,4,6,1,0,0,0,0
53,10,0,2,4,0,0,0,0,0
73,14,0,1,2,0,1,0,0,0
87,21,0,66,1,0,0,0,0,0
74,17,0,2,1,0,1,0,0,0
58,13,0,1,0,0,0,0,0,0
79,17,0,2,3,0,0,0,0,0
32,7,0,1,2,0,0,0,0,0
147,28,0,3,4,2,0,0,0,0
51,13,0,1,2,1,0,0,0,0
147,23,27,20,7,0,0,0,1,1
45,9,0,1,0,0,0,0,0,0
29,7,0,1,2,0,0,0,0,0
157,31,2,5,10,0,0,0,0,0
56,11,0,1,1,0,0,0,0,0
68,14,0,2,4,0,0,0,0,0
22,4,0,1,3,0,0,0,0,0
22,6,1,1,3,0,0,0,0,0
84,22,0,2,3,0,0,0,0,0
43,9,0,2,2,0,0,0,0,0
62,12,0,5,0,0,0,0,0,0
136,23,15,27,3,0,0,0,1,1
158,25,17,9,7,1,1,1,0,1
46,10,0,2,2,0,0,0,0,0
47,9,0,1,1,0,0,0,0,0
151,32,0,1,4,0,1,0,0,0
240,48,0,3,5,0,1,0,0,0
45,7,0,2,2,0,0,0,0,0
30,7,0,1,0,0,0,0,0,0
114,21,0,1,6,0,0,0,0,0
32,6,0,2,1,0,0,0,0,0
43,11,0,1,1,0,0,0,0,0
153,21,36,16,9,1,0,0,0,1
110,23,0,4,5,0,0,0,0,0
201,40,0,4,3,0,0,0,0,0
151,30,0,5,3,0,0,0,0,0
86,15,0,3,9,0,1,0,0,0
46,10,0,1,2,0,0,0,0,0
41,9,0,0,5,0,0,0,0,0
84,15,0,15,2,0,0,0,0,0
28,7,0,1,4,0,0,0,0,0
98,15,1,5,9,0,0,0,0,0
86,17,0,2,2,0,0,0,0,0
15,3,0,1,2,0,1,0,0,0
37,6,0,2,4,0,1,0,0,0
69,10,0,10,3,0,0,0,0,1
42,8,0,2,4,1,0,0,0,0
152,29,22,2,7,0,0,0,1,1
7,2,0,0,6,0,0,0,0,0
111,26,0,4,13,0,1,0,0,0
42,10,0,2,2,0,0,0,0,0
29,6,0,2,1,0,0,0,0,0
68,14,0,1,5,0,0,0,0,0
62,12,0,2,1,0,0,0,0,0
69,12,0,1,1,0,0,0,0,0
139,23,0,7,15,0,0,0,0,0
38,7,0,2,16,0,0,0,0,0
46,10,0,2,2,0,1,0,0,0
153,22,28,31,14,2,0,1,1,1
29,6,0,1,1,0,0,0,0,0
121,27,2,88,5,0,0,0,0,0
33,6,0,1,2,1,0,0,0,0
42,6,0,0,5,0,0,0,0,0
89,20,0,3,2,0,0,0,0,0
74,14,0,2,2,0,0,0,0,0
135,20,28,17,9,1,0,0,0,1
71,14,0,2,8,0,0,0,0,0
45,8,0,1,2,0,1,0,0,0
37,7,0,1,1,0,0,0,0,0
135,25,14,18,4,1,0,0,1,1
33,5,0,1,1,0,0,0,0,0
54,12,0,2,0,0,0,0,0,0
69,15,0,9,2,0,0,0,0,0
43,7,0,1,2,0,0,0,0,0
81,15,0,2,8,0,0,0,0,0
53,9,0,1,3,0,3,0,0,0
76,14,0,2,3,0,0,0,0,0
22,5,0,1,0,0,0,0,0,0
27,6,0,2,2,0,0,0,0,0
109,23,0,1,2,0,0,0,0,0
12,3,0,1,3,0,0,0,0,0
44,9,0,1,2,2,0,0,0,0
57,13,0,2,2,2,0,0,0,0
5,1,0,1,3,0,0,0,0,0
121,27,0,2,4,0,1,0,0,0
152,27,3,9,14,0,0,0,0,0
22,4,0,1,2,0,0,0,0,0
159,23,18,34,8,0,0,0,0,1
95,13,13,4,8,4,0,0,0,1
58,10,0,1,6,0,0,0,0,0
40,9,0,2,1,0,0,0,0,0
297,60,0,11,26,2,2,0,0,0
39,6,0,1,1,0,0,0,0,0
92,16,0,2,8,0,1,0,0,0
158,25,9,8,16,0,0,0,0,0
82,17,0,3,4,0,0,0,0,0
35,7,0,3,2,0,0,0,0,0
66,15,4,2,3,0,0,0,0,0
26,5,0,3,3,2,0,0,0,0
32,6,0,1,0,0,0,0,0,0
85,18,0,3,3,1,1,0,0,0
137,21,13,24,13,0,1,1,0,1
126,19,0,2,7,0,0,0,0,0
147,31,15,21,6,2,0,0,0,1
75,15,0,3,2,0,0,0,0,0
92,19,0,0,1,0,0,0,0,0
27,6,0,2,1,0,0,0,0,0
35,9,2,1,1,0,0,0,0,0
145,27,0,20,14,1,0,0,0,0
113,20,0,1,1,0,0,0,0,0
31,7,0,1,1,0,0,0,0,0
22,5,1,1,0,0,0,0,0,0
150,25,21,5,4,0,0,0,2,1
166,36,0,4,5,0,1,0,0,0
276,61,0,33,19,2,0,0,0,0
171,36,0,3,10,0,1,0,0,0
76,16,0,2,2,0,0,0,0,0
158,29,1,3,5,0,0,0,0,0
22,5,0,1,0,0,0,0,0,0
24,5,0,1,0,0,0,0,0,0
132,21,14,4,3,0,3,0,0,1
44,8,1,0,3,0,0,0,0,0
51,11,0,2,1,0,0,0,0,0
44,8,0,1,2,0,0,0,0,0
47,10,0,2,1,0,0,0,0,0
146,25,18,24,7,2,0,0,1,1
44,12,2,2,2,0,1,0,0,0
134,25,16,48,3,1,0,0,0,1
32,6,1,1,2,0,0,0,0,0
415,88,0,16,28,0,2,0,0,0
181,30,11,20,13,1,0,0,0,1
32,6,0,1,0,0,0,0,0,0
22,3,0,1,1,0,1,0,0,0
40,8,0,1,4,0,1,0,0,0
24,6,0,2,1,0,0,0,0,0
160,28,3,127,3,0,0,0,0,0
80,17,0,3,0,0,0,0,0,0
27,7,0,1,1,0,0,0,0,0
155,32,7,7,4,1,0,0,0,1
237,40,0,7,15,0,0,0,0,0
133,25,0,5,5,5,0,0,0,0
33,7,0,1,1,0,0,0,0,0
153,30,19,9,7,1,0,0,0,1
80,18,0,2,0,0,0,0,0,0
45,9,0,2,3,0,1,0,0,0
48,8,0,1,2,0,0,0,0,0
148,33,0,8,11,0,4,0,0,0
156,32,0,6,6,0,0,0,0,0
37,7,0,3,6,0,0,0,0,0
47,10,1,1,3,0,0,0,0,0
38,9,0,2,4,0,0,0,0,0
48,9,0,1,2,0,1,0,0,0
22,5,0,2,3,1,1,0,0,0
98,18,0,1,3,1,0,0,0,0
159,32,8,17,10,2,1,0,0,1
124,24,0,14,3,0,0,0,0,1
149,36,0,7,10,1,6,0,0,0
37,5,1,1,6,0,0,0,0,0
22,5,0,1,1,0,0,0,0,0
33,7,0,1,2,0,0,0,0,0
83,18,0,4,4,0,2,0,0,0
24,2,0,1,7,0,0,0,0,0
38,9,0,1,0,0,0,0,0,0
129,26,0,3,1,1,0,0,0,0
85,18,1,10,7,0,0,0,0,0
46,12,1,2,5,0,1,0,0,0
87,17,0,2,2,0,2,0,0,0
106,21,1,3,12,0,0,0,0,0
95,14,0,1,4,0,0,0,0,0
86,17,0,3,3,2,0,0,0,0
107,22,0,3,2,0,0,0,0,0
40,8,0,1,1,0,0,0,0,0
120,20,19,21,5,2,0,0,2,1
137,29,0,2,5,0,0,0,0,1
33,9,0,1,0,0,0,0,0,0
146,32,0,1,1,1,0,0,0,0
136,30,3,0,2,0,1,0,0,0
140,24,4,8,3,0,0,0,0,1
100,20,1,3,3,2,0,0,0,0
64,15,1,2,4,0,1,0,0,0
73,17,0,2,2,0,0,0,0,0
146,30,0,1,8,1,0,0,0,0
39,7,0,1,4,0,0,0,0,0
32,7,0,1,2,0,1,0,0,0
65,15,2,1,4,0,0,0,0,0
41,8,0,1,8,0,1,0,0,0
152,36,0,15,4,0,0,0,0,0
9,2,0,1,3,0,0,0,0,0
34,7,0,1,3,0,0,0,0,0
153,24,5,4,9,0,0,1,0,1
66,15,0,2,2,0,0,0,0,0
160,28,21,23,6,1,0,0,1,1
137,24,12,17,6,0,0,0,2,1
133,25,0,2,14,2,0,0,0,0
125,30,1,4,3,0,0,0,0,0
132,25,0,4,5,0,1,0,0,0
44,9,0,3,4,1,0,0,0,0
42,9,0,3,4,0,0,0,0,0
142,26,0,10,5,0,0,0,0,0
62,14,1,3,5,0,2,0,0,0
54,11,0,2,4,0,0,0,0,0
54,10,0,1,4,2,0,0,0,0
54,11,1,17,4,0,0,0,0,0
90,22,2,62,5,1,2,0,0,0
111,22,0,3,5,0,1,0,0,0
22,5,0,1,1,0,1,0,0,0
22,5,0,2,1,0,0,0,0,0
57,10,0,3,8,0,1,0,0,0
24,4,0,1,1,0,0,0,0,0
138,22,13,24,12,0,1,1,0,1
38,7,1,2,2,0,0,0,0,0
32,8,1,1,4,0,0,0,0,0
70,15,0,3,5,0,0,0,0,0
25,2,0,1,12,0,0,0,0,0
96,19,0,12,4,2,1,0,0,0
177,31,21,10,4,0,0,0,2,1
97,19,4,3,10,3,1,0,0,0
27,5,0,1,4,0,0,0,0,0
150,28,3,110,10,0,1,0,0,0
42,10,0,2,1,0,0,0,0,0
61,13,0,2,1,0,0,0,0,0
51,10,0,2,1,0,0,0,0,0
28,4,0,2,4,0,0,0,0,0
22,5,0,1,2,0,0,0,0,0
26,5,0,2,3,0,0,0,0,0
78,14,0,2,2,0,0,0,0,0
51,9,0,2,2,0,0,0,0,0
42,8,0,2,1,0,1,0,0,0
168,26,23,16,7,0,0,1,3,1
247,47,0,4,17,0,0,0,0,0
80,18,0,2,2,1,1,0,0,0
15,4,0,12,0,0,0,0,0,0
28,7,0,2,2,0,0,0,0,0
28,6,0,1,0,0,0,0,0,0
78,10,0,3,5,0,0,0,0,0
60,10,0,2,8,0,0,0,0,0
156,26,24,8,4,0,0,0,2,1
59,13,0,1,1,0,1,0,0,0
59,12,0,3,2,0,0,0,0,0
146,31,0,6,15,1,0,0,0,0
73,18,1,1,0,0,0,0,0,0
46,9,1,3,5,0,1,0,0,0
154,22,20,26,8,1,0,0,0,1
152,38,0,8,8,1,7,0,0,0
31,6,0,2,2,1,1,0,0,0
66,13,0,2,4,0,1,0,0,0
19,4,0,0,3,0,0,0,0,0
57,13,0,2,1,0,0,0,0,0
100,19,0,2,1,0,0,0,0,0
22,4,0,2,1,0,0,0,0,0
44,12,1,1,0,0,0,0,0,0
146,22,28,12,9,0,0,0,0,1
133,17,27,17,9,1,0,0,0,1
67,13,0,1,1,0,0,0,0,0
126,21,24,3,6,0,0,0,0,1
84,16,0,1,2,0,1,0,0,0
48,9,0,2,4,0,1,0,0,0
43,9,0,1,4,0,0,0,0,0
69,14,0,1,3,1,0,0,0,0
27,6,0,1,0,0,0,0,0,0
72,16,0,2,2,0,0,0,0,0
149,27,3,11,7,1,0,0,0,1
28,6,0,1,3,0,0,0,0,0
133,28,0,3,3,0,0,0,0,0
98,21,0,1,1,0,0,0,0,0
135,22,15,25,12,0,1,1,0,1
70,14,0,1,3,0,0,0,0,0
109,19,18,12,7,2,1,0,0,1
41,9,1,2,1,0,0,0,0,0
111,27,2,3,6,0,0,0,0,0
97,18,0,8,1,0,0,0,0,0
89,18,1,4,5,0,0,0,0,0
31,5,0,1,2,0,1,0,0,0
89,19,1,1,2,0,0,0,0,0
155,28,0,14,11,0,0,0,0,0
43,9,0,1,0,0,0,0,0,0
46,9,0,2,4,0,0,0,0,0
111,23,0,4,15,1,1,0,0,0
27,6,0,1,3,0,0,0,0,0
159,24,17,13,6,0,0,0,0,1
175,34,0,4,6,2,1,0,0,0
42,8,0,2,1,0,0,0,0,0
138,27,4,4,14,0,0,0,0,0
50,10,0,2,5,0,1,0,0,0
145,24,24,9,2,0,0,0,0,1
30,7,0,1,0,0,0,0,0,0
49,10,0,3,4,0,0,0,0,0
91,19,1,4,5,0,2,0,0,0
36,10,2,1,3,0,0,0,0,0
30,6,0,2,6,0,0,0,0,0
63,10,0,2,13,0,0,0,0,0
119,22,0,3,4,0,0,0,0,0
131,19,19,6,4,0,0,0,1,1
26,7,0,1,0,0,0,0,0,0
82,14,0,6,11,0,0,0,0,0
160,31,19,7,5,0,0,0,0,1
23,4,0,1,1,0,1,0,0,0
137,20,26,24,8,1,0,0,2,1
53,6,1,2,10,0,0,0,0,0
66,13,0,3,7,0,0,0,0,0
132,25,19,5,4,0,0,0,2,1
62,11,0,2,6,0,0,0,0,0
74,17,0,4,6,0,0,0,0,0
158,28,21,8,4,0,1,0,0,1
93,20,1,3,3,0,0,0,0,0
352,57,2,140,26,1,1,0,0,0
256,44,0,17,19,1,0,0,0,0
51,12,1,3,4,0,1,0,0,0
21,3,0,1,3,0,0,0,0,0
51,10,0,2,2,0,0,0,0,0
85,19,0,2,4,0,1,0,0,0
94,17,0,1,4,0,0,0,0,0
22,5,0,1,1,0,0,0,0,0
31,7,0,1,1,0,1,0,0,0
24,4,0,1,2,0,0,0,0,0
46,9,0,2,1,0,0,0,0,0
65,13,1,2,7,0,0,0,0,0
32,6,0,1,2,0,0,0,0,0
120,16,0,6,6,0,0,0,0,0
36,5,0,1,3,0,1,0,0,0
70,13,0,2,7,0,0,0,0,0
70,15,0,2,0,0,0,0,0,0
149,27,2,12,6,1,0,0,0,1
166,33,0,3,6,0,1,0,0,0
32,6,0,1,2,0,0,0,0,0
40,9,0,2,2,1,0,0,0,0
153,23,0,3,3,0,0,0,0,1
98,18,0,19,1,0,0,0,0,0
446,96,4,14,21,0,1,0,0,0
150,27,0,5,17,0,0,0,0,0
47,9,0,2,1,1,0,0,0,0
57,15,2,41,0,0,0,0,0,0
154,27,0,24,8,0,0,0,0,0
33,5,0,1,1,0,0,0,0,0
47,8,12,2,1,0,0,0,0,1
27,4,0,1,4,0,0,0,0,0
158,27,13,14,4,2,1,0,0,1
91,18,2,2,2,0,2,0,0,0
39,9,0,1,3,0,0,0,0,0
156,28,6,7,8,0,0,1,0,1
52,8,0,2,2,1,0,0,0,0
88,10,0,1,11,0,0,0,0,0
28,5,0,1,1,0,1,0,0,0
43,10,0,3,1,0,0,0,0,0
44,7,7,10,1,1,0,0,0,1
32,7,0,2,7,0,1,0,0,0
69,13,1,53,3,0,1,0,0,0
30,6,0,2,1,0,0,0,0,0
154,32,0,3,4,0,0,0,0,0
107,22,1,4,13,0,0,0,0,0
101,19,0,5,3,0,0,0,0,0
31,6,0,2,1,0,0,0,0,0
49,13,2,2,1,1,0,0,0,0
281,58,9,6,30,1,0,0,0,0
37,8,0,1,1,0,0,0,0,0
70,16,0,3,5,0,1,0,0,0
113,20,0,3,9,0,0,0,0,0
116,24,1,3,7,0,0,0,0,0
47,7,0,1,3,0,0,0,0,0
27,6,0,1,2,0,0,0,0,0
87,17,0,3,1,0,1,0,0,0
164,25,26,31,14,1,0,0,2,1
87,19,0,4,7,0,1,0,0,0
228,49,1,8,6,0,0,0,0,0
102,18,0,3,2,0,0,0,0,0
162,29,19,18,7,1,0,1,0,1
133,27,0,2,3,0,0,0,0,0
88,20,1,2,0,0,0,0,0,0
36,7,0,1,4,0,1,0,0,0
77,17,0,4,11,1,0,0,0,0
104,16,0,4,4,1,0,0,0,0
156,27,5,10,5,0,0,0,1,1
87,17,0,1,7,0,0,0,0,0
28,6,0,2,2,0,0,0,0,0
130,22,0,1,8,0,0,0,0,0
79,16,0,2,3,0,0,0,0,0
184,37,0,3,6,0,0,0,0,0
53,10,0,1,1,0,0,0,0,0
31,5,0,1,6,0,0,0,0,0
85,20,0,64,2,0,0,0,0,0
77,13,0,3,3,0,0,0,0,0
23,6,0,1,3,0,0,0,0,0
76,14,1,2,2,0,0,0,0,0
28,6,0,1,0,0,0,0,0,0
30,6,0,2,4,0,1,0,0,0
75,17,0,4,3,1,0,0,0,0
36,7,0,2,3,0,0,0,0,0
23,6,0,1,0,0,0,0,0,0
160,26,21,6,9,1,0,0,0,1
33,7,0,2,4,0,2,0,0,0
99,23,0,3,4,0,1,0,0,0
24,5,0,1,0,0,0,0,0,0
67,15,0,1,4,1,0,0,0,0
24,5,0,1,2,0,0,0,0,0
85,21,0,2,3,0,0,0,0,0
28,7,0,2,2,0,0,0,0,0
46,9,0,1,3,0,0,0,0,0
4,2,1,1,1,0,0,0,0,0
55,6,0,2,2,0,0,0,0,0
93,17,0,6,6,0,0,0,0,0
70,11,0,1,3,0,0,0,0,0
85,17,1,2,4,0,0,0,0,0
119,26,11,31,5,3,0,0,0,1
100,23,0,1,4,0,0,0,0,0
157,34,0,9,12,3,1,0,0,0
49,11,0,3,5,0,0,0,0,0
25,6,0,2,2,0,1,0,0,0
35,7,0,2,1,0,0,0,0,0
48,11,0,1,3,0,0,0,0,0
43,10,0,1,0,0,0,0,0,0
27,5,0,2,0,0,0,0,0,0
18,4,0,14,1,0,1,0,0,0
4,1,0,1,0,0,0,0,0,0
142,30,19,6,6,0,0,0,0,1
156,30,6,12,2,0,0,0,0,1
22,4,0,2,2,0,0,0,0,0
69,14,0,3,9,0,0,0,0,0
37,7,0,1,3,0,1,0,0,0
39,8,0,2,6,0,0,0,0,0
134,30,2,3,3,0,0,0,0,0
149,28,18,11,3,0,0,0,0,1
85,18,0,2,5,1,0,0,0,0
116,21,0,4,5,0,0,0,0,0
42,9,0,2,2,0,0,0,0,0
151,25,12,5,7,2,0,1,0,1
164,25,26,31,14,1,0,0,2,1
40,8,0,32,1,0,1,0,0,0
23,3,0,1,2,0,0,0,0,0
61,13,0,2,4,0,1,0,0,0
160,26,15,12,3,0,1,0,0,1
43,8,0,1,5,0,0,0,0,0
109,23,0,7,14,1,1,0,0,0
30,5,0,1,2,0,1,0,0,0
329,61,0,6,6,0,0,0,0,0
91,18,0,1,1,0,0,0,0,0
31,6,0,1,1,0,0,0,0,0
29,5,0,1,3,0,1,0,0,0
22,5,1,0,1,0,0,0,0,0
136,22,21,25,12,0,1,1,0,1
40,10,0,1,3,0,0,0,0,0
29,8,0,2,1,0,0,0,0,0
38,9,0,2,1,0,0,0,0,0
41,8,0,1,0,0,0,0,0,0
51,11,0,1,1,0,0,0,0,0
35,9,1,1,0,0,0,0,0,0
89,18,2,2,6,0,0,0,0,0
51,9,1,2,6,0,0,0,0,0
40,11,0,3,1,0,0,0,0,0
108,24,3,77,5,1,0,0,0,0
141,26,1,19,2,2,0,0,0,0
45,5,0,1,8,0,0,0,0,0
71,13,0,1,3,1,0,0,0,0
146,22,29,17,11,1,0,0,0,1
35,8,0,1,1,0,0,0,0,0
29,6,0,2,2,0,0,0,0,0
143,34,1,3,3,0,0,0,0,0
159,28,14,29,3,1,0,0,1,1
48,9,0,2,2,0,0,0,0,0
21,5,0,2,2,0,0,0,0,0
98,21,0,2,2,0,1,0,0,0
136,26,9,11,12,0,1,0,0,0
154,27,16,7,1,1,0,0,0,1
32,8,0,2,0,0,0,0,0,0
43,9,1,1,3,0,1,0,0,0
48,9,0,1,5,0,0,0,0,0
25,6,0,3,0,0,0,0,0,0
19,3,0,1,3,0,0,0,0,0
133,27,0,5,18,2,0,0,0,0
66,12,0,2,3,0,0,0,0,0
58,11,0,2,4,1,0,0,0,0
119,23,0,4,6,0,0,0,0,0
53,6,1,2,10,0,0,0,0,0
38,7,0,1,4,0,0,0,0,0
45,10,1,2,2,0,0,0,0,0
127,23,24,14,8,1,0,0,1,1
99,20,0,1,4,1,0,0,0,0
77,15,0,2,2,0,0,0,0,0
55,13,0,1,0,0,0,0,0,0
23,5,0,1,0,0,0,0,0,0
21,3,0,2,6,0,0,0,0,0
33,7,0,1,2,1,0,0,0,0
46,7,0,1,9,0,0,0,0,0
23,6,2,0,2,0,0,0,0,0
82,18,0,1,1,0,0,0,0,0
127,25,0,4,10,0,0,0,1,0
74,12,0,8,2,1,0,0,0,0
23,5,0,1,2,0,0,0,0,0
65,12,0,2,2,0,0,0,0,0
324,79,1,23,38,1,4,0,0,0
26,4,1,1,2,0,0,0,0,0
152,33,0,119,1,0,1,0,0,0
45,9,1,2,1,0,1,0,0,0
80,16,0,33,7,0,1,0,0,0
144,27,10,12,9,0,0,1,0,1
51,11,0,1,3,0,1,0,0,0
45,11,1,1,1,0,1,0,0,0
152,31,1,7,8,1,2,0,0,0
42,8,0,1,4,0,0,0,0,0
101,21,0,4,6,1,0,0,0,0
29,6,0,1,1,0,0,0,0,0
63,13,0,2,2,0,1,0,0,0
168,34,0,3,15,0,0,0,0,0
144,23,24,22,5,1,0,0,1,1
109,16,0,14,25,1,0,0,0,0
35,5,0,5,7,0,0,0,0,0
38,8,0,1,4,0,1,0,0,0
49,12,0,1,0,0,0,0,0,0
31,6,0,1,1,0,0,0,0,0
24,6,0,1,0,0,0,0,0,0
156,26,20,41,9,2,0,1,1,1
40,9,0,2,4,0,1,0,0,0
113,23,0,16,25,1,0,0,0,0
119,24,0,3,9,0,0,0,0,0
50,12,4,2,3,2,0,0,0,0
23,5,0,2,1,0,0,0,0,0
47,9,0,3,5,0,1,0,0,0
155,25,27,17,10,1,0,0,1,1
38,8,0,1,0,0,0,0,0,0
156,24,19,16,6,0,0,1,2,1
51,12,0,1,1,0,0,0,0,0
32,7,0,1,0,0,0,0,0,0
125,22,0,5,5,0,1,0,0,0
36,9,0,1,1,0,0,0,0,0
55,10,0,2,3,0,1,0,0,0
23,5,0,1,1,0,0,0,0,0
35,7,0,9,0,0,0,0,0,0
87,16,0,3,8,0,0,0,0,0
71,15,0,2,6,0,0,0,0,0
94,21,1,1,6,0,0,0,0,0
95,17,0,3,2,1,1,0,0,0
51,13,1,1,0,0,0,0,0,0
23,5,0,1,1,0,0,0,0,0
162,33,0,9,8,0,0,0,0,0
82,17,3,3,4,1,0,0,0,0
32,6,0,1,2,0,0,0,0,0
146,29,1,1,8,0,0,0,0,0
121,21,0,4,12,0,0,0,0,0
40,9,0,1,1,0,0,0,0,0
157,28,16,30,4,1,0,0,1,1
27,4,0,1,2,0,0,0,0,0
28,5,0,2,4,0,1,0,0,0
97,21,0,3,3,0,0,0,0,0
159,33,0,12,10,0,0,0,0,0
28,4,0,1,1,0,0,0,0,0
36,8,0,1,1,0,1,0,0,0
64,14,1,2,7,0,0,0,0,0
30,6,0,2,2,0,0,0,0,0
26,5,0,2,3,1,1,0,0,0
189,28,0,16,7,0,0,0,0,0
160,33,0,3,13,0,3,0,0,0
26,5,0,1,1,0,1,0,0,0
29,5,0,1,1,0,0,0,0,0
24,5,0,1,1,0,1,0,0,0
29,5,0,1,2,0,0,0,0,0
47,10,0,2,2,0,0,0,0,0
72,15,1,2,1,0,0,0,0,0
37,7,0,1,2,0,0,0,0,0
125,24,0,5,9,1,0,0,0,0
52,8,0,1,4,0,0,0,0,0
192,35,0,5,17,0,0,0,0,0
126,26,0,2,2,0,0,0,0,0
39,8,0,1,7,0,0,0,0,0
25,6,0,1,1,0,1,0,0,0
35,6,0,2,4,1,1,0,0,0
33,7,0,2,2,0,2,0,0,0
38,8,0,1,1,1,0,0,0,0
156,22,26,12,7,0,1,0,0,1
77,13,0,2,3,0,0,0,0,0
38,7,0,1,1,0,1,0,0,0
17,4,0,2,1,0,1,0,0,0
130,24,0,23,22,3,0,0,0,0
133,27,1,3,5,0,0,0,0,0
40,11,0,4,1,0,1,0,0,0
11,2,0,1,4,0,0,0,0,0
45,8,0,2,2,0,0,0,0,0
67,12,1,3,10,0,0,0,0,0
40,7,0,2,2,2,0,0,0,0
84,16,0,4,13,0,1,0,0,0
100,25,1,6,2,0,0,0,0,0
145,23,0,12,20,0,0,0,0,0
30,5,0,2,2,0,0,0,0,0
2,1,0,1,0,0,0,0,0,0
125,25,0,6,6,1,2,0,0,0
133,30,9,1,15,0,0,0,0,0
56,10,0,2,5,0,0,0,0,0
42,7,0,2,3,0,0,0,0,0
70,11,0,1,5,0,0,0,0,0
50,11,3,1,2,0,0,0,0,0
112,18,24,3,5,0,0,0,0,1
106,17,13,7,4,1,0,0,0,1
157,27,17,30,4,1,0,0,2,1
135,26,0,4,4,0,0,0,0,0
156,23,16,23,7,1,0,0,0,1
45,9,0,1,5,0,0,0,0,0
139,26,0,2,4,0,1,0,0,1
38,10,0,1,2,0,1,0,0,0
46,10,0,2,4,0,2,0,0,0
44,11,0,2,2,0,0,0,0,0
212,39,0,49,13,0,0,0,0,0
51,11,0,2,1,0,0,0,0,0
116,22,0,2,6,0,0,0,0,0
90,15,14,7,3,0,0,0,0,1
160,27,26,14,7,0,0,1,1,1
80,15,0,1,0,0,0,0,0,0
48,8,0,2,2,0,0,0,0,0
42,7,12,2,3,0,0,0,0,1
64,13,0,1,6,0,0,0,0,0
88,15,0,4,3,0,0,0,0,0
161,31,1,9,8,0,0,0,0,0
147,26,0,3,1,0,1,0,0,0
24,5,0,2,2,0,0,0,0,0
101,18,0,2,9,1,0,0,0,0
40,9,0,29,3,2,0,0,0,0
36,5,0,1,5,0,0,0,0,0
26,5,0,1,0,0,0,0,0,0
23,4,0,1,1,0,1,0,0,0
59,14,0,3,0,0,0,0,0,0
104,20,0,2,5,1,0,0,0,0
41,8,0,1,1,0,0,0,0,0
50,13,1,1,1,0,0,0,0,0
40,8,0,1,1,0,0,0,0,0
29,3,0,1,1,0,0,0,0,0
49,11,0,3,3,0,0,0,0,0
45,8,0,1,1,0,0,0,0,0
163,26,0,12,21,1,2,0,1,0
86,21,2,6,0,0,0,0,0,0
129,27,0,2,2,2,0,0,0,0
40,9,0,2,6,0,0,0,0,0
69,11,1,1,7,0,0,0,0,0
28,6,0,1,1,0,1,0,0,0
34,8,0,1,0,0,0,0,0,0
162,36,0,5,10,0,1,0,0,0
23,6,0,1,4,0,1,0,0,0
39,8,0,1,2,0,0,0,0,0
82,19,2,2,6,0,1,0,0,0
36,9,0,1,3,0,0,0,0,0
80,15,1,3,3,0,0,0,0,0
81,17,2,2,0,0,0,0,0,0
10,2,0,1,0,0,0,0,0,0
90,17,0,2,2,0,0,0,0,0
112,23,2,3,3,3,0,0,0,0
40,8,0,3,2,0,0,0,0,0
72,16,0,4,5,0,0,0,0,0
82,18,0,3,8,0,0,0,0,0
37,7,0,2,2,0,0,0,0,0
40,6,0,1,3,0,1,0,0,0
39,9,1,1,6,0,0,0,0,0
22,4,0,2,2,0,0,0,0,0
84,20,0,2,6,0,0,0,0,0
40,6,0,1,3,0,0,0,0,0
45,10,0,2,1,1,0,0,0,0
106,19,11,6,3,1,1,0,0,1
32,6,0,1,1,0,0,0,0,0
97,22,4,2,5,1,0,0,0,0
102,20,0,1,3,0,0,0,0,0
34,7,0,3,1,0,0,0,0,0
22,6,1,1,1,1,0,0,0,0
51,10,0,1,1,0,0,0,0,0
59,11,0,1,0,0,0,0,0,0
33,7,0,1,4,0,0,0,0,0
26,6,0,1,1,0,0,0,0,0
28,6,0,1,1,0,0,0,0,0
32,6,0,2,1,0,1,0,0,0
44,9,1,1,4,0,0,0,0,0
45,8,0,1,2,0,1,0,0,0
90,19,0,2,2,0,0,0,0,0
99,21,3,2,4,1,0,0,0,0
163,31,15,3,13,0,3,0,1,1
70,13,0,6,5,0,0,0,0,0
68,15,0,2,2,0,0,0,0,0
104,22,0,4,4,1,1,0,0,0
37,7,0,1,0,0,0,0,0,0
51,10,0,0,2,0,1,0,0,0
70,12,0,3,3,2,0,0,0,1
23,5,0,1,2,0,0,0,0,0
251,44,0,6,4,0,0,0,0,0
40,6,0,2,5,0,5,0,0,0
38,7,0,1,1,0,0,0,0,0
44,8,0,1,1,0,1,0,0,0
101,18,0,3,3,0,0,0,0,0
108,16,13,1,4,0,0,1,0,1
27,7,0,1,0,0,0,0,0,0
22,4,0,2,2,0,0,0,0,0
120,24,0,2,8,0,0,0,0,0
157,27,13,13,4,2,1,0,0,1
51,15,1,2,2,0,1,0,0,0
147,26,10,11,8,1,1,1,0,1
17,4,1,12,1,0,1,0,0,0
49,8,0,1,3,0,0,0,0,0
89,18,0,4,4,1,1,0,0,0
85,5,17,5,12,0,1,1,0,1
156,27,5,10,5,0,0,0,1,1
143,25,20,26,9,2,0,0,1,1
7,2,0,1,1,0,0,0,0,0
26,5,0,1,1,0,0,0,0,0
3,1,0,1,0,0,0,0,0,0
79,15,0,1,3,0,0,0,0,0
35,7,0,2,1,0,0,0,0,0
122,26,0,5,7,0,5,0,0,0
54,11,0,1,3,0,0,0,0,0
74,14,0,3,5,1,0,0,0,0
50,6,0,2,7,0,0,0,0,0
25,4,0,1,7,0,0,0,0,0
61,12,1,2,2,0,0,0,0,0
35,7,0,2,3,1,1,0,0,0
31,6,0,1,0,0,0,0,0,0
149,27,22,23,1,0,0,0,1,1
78,14,0,2,6,0,0,0,0,0
169,39,9,1,12,0,0,0,0,0
135,28,0,2,4,0,0,0,0,0
33,6,0,2,0,0,0,0,0,0
145,28,13,11,8,0,0,0,0,1
23,6,0,2,1,0,0,0,0,0
43,9,1,1,4,0,0,0,0,0
23,6,0,2,1,0,0,0,0,0
65,14,1,2,3,0,1,0,0,0
161,30,9,18,7,0,0,0,1,1
65,12,0,1,3,0,0,0,0,0
155,34,0,4,7,1,1,0,0,0
118,27,0,5,13,0,2,0,0,0
58,15,0,7,3,0,0,0,0,0
158,22,18,24,10,0,0,1,0,1
34,9,0,2,4,0,0,0,0,0
45,9,1,2,2,0,0,0,0,0
155,30,0,5,7,0,0,0,0,0
148,21,40,17,9,1,0,0,0,1
36,7,0,1,0,0,0,0,0,0
82,15,0,4,2,0,0,0,0,0
40,8,0,2,7,0,0,0,0,0
127,26,0,4,4,0,0,0,0,0
149,27,1,6,12,2,0,0,0,0
38,8,0,1,3,0,0,0,0,0
58,11,0,1,2,0,0,0,0,0
61,14,0,1,1,0,0,0,0,0
24,5,0,1,0,0,0,0,0,0
39,6,0,1,4,0,0,0,0,0
25,5,0,1,2,0,1,0,0,0
69,13,0,3,12,0,0,0,0,0
32,6,0,3,9,0,0,0,0,0
245,56,0,5,5,0,0,0,0,0
139,29,1,3,15,0,0,0,0,0
166,33,0,3,10,0,1,0,0,0
122,27,0,2,4,0,0,0,0,0
56,11,0,2,1,0,0,0,0,0
32,7,0,2,1,0,0,0,0,0
35,7,0,3,2,0,0,0,0,0
35,7,0,2,4,0,0,0,0,0
23,4,0,1,1,0,0,0,0,0
153,25,28,13,10,1,0,0,1,1
103,23,0,4,0,0,0,0,0,0
134,18,29,17,9,1,0,0,0,1
68,12,0,2,3,0,0,0,0,0
49,9,0,2,1,0,0,0,0,0
25,5,0,1,1,0,0,0,0,0
64,13,0,2,2,0,0,0,0,0
60,11,0,3,3,0,0,0,0,0
40,6,0,0,0,0,0,0,0,0
112,25,1,2,3,0,0,0,0,0
28,5,0,1,0,0,0,0,0,0
329,61,0,6,6,0,0,0,0,0
54,11,0,1,3,0,0,0,0,0
90,16,21,17,3,1,1,0,0,1
158,36,0,4,3,0,0,0,0,0
26,3,0,1,2,0,0,0,0,0
160,33,14,106,7,0,0,0,2,1
21,4,0,1,4,0,0,0,0,0
40,8,0,1,0,0,0,0,0,0
38,8,0,1,1,0,1,0,0,0
154,30,0,3,8,0,0,0,0,0
45,10,0,1,0,0,0,0,0,0
42,8,0,2,2,0,0,0,0,0
160,28,2,20,8,1,1,0,0,1
34,8,0,3,2,0,0,0,0,0
87,18,0,4,7,0,0,0,0,0
43,9,0,1,2,0,1,0,0,0
51,10,0,2,2,0,0,0,0,0
91,17,0,3,1,0,0,0,0,0
27,4,0,1,2,0,0,0,0,0
98,20,0,2,1,0,0,0,0,0
153,38,4,7,5,0,0,0,0,0
63,12,0,3,6,0,0,0,0,0
273,48,1,7,18,0,0,0,0,0
22,4,0,2,2,0,0,0,0,0
66,13,0,0,6,0,0,0,0,0
33,7,0,2,2,0,0,0,0,0
70,15,0,8,3,0,0,0,0,0
96,18,1,3,9,0,0,0,0,0
19,5,1,1,1,0,0,0,0,0
67,15,0,1,3,0,0,0,0,0
12,3,0,1,3,0,0,0,0,0
147,28,5,14,3,0,0,0,0,1
161,30,21,10,9,1,0,0,1,1
37,8,0,2,1,0,1,0,0,0
57,10,0,2,7,0,1,0,0,0
125,26,0,2,1,0,0,0,0,0
26,6,0,2,1,0,0,0,0,0
